index,time,flow,concentration,segment
0,2019-06-04 00:00:00,364.0,3.4,0
1,2019-06-04 00:15:00,364.0,3.4,0
2,2019-06-04 00:30:00,364.0,4.2,0
3,2019-06-04 00:45:00,364.0,3.5,0
4,2019-06-04 01:00:00,364.0,3.5,0
5,2019-06-04 01:15:00,364.0,3.4,0
6,2019-06-04 01:30:00,364.0,3.5,0
7,2019-06-04 01:45:00,364.0,3.6,0
8,2019-06-04 02:00:00,364.0,3.5,0
9,2019-06-04 02:15:00,364.0,3.5,0
10,2019-06-04 02:30:00,364.0,3.4,0
11,2019-06-04 02:45:00,364.0,3.5,0
12,2019-06-04 03:00:00,364.0,3.4,0
13,2019-06-04 03:15:00,364.0,3.5,0
14,2019-06-04 03:30:00,364.0,3.8,0
15,2019-06-04 03:45:00,364.0,3.5,0
16,2019-06-04 04:00:00,364.0,3.7,0
17,2019-06-04 04:15:00,364.0,3.5,0
18,2019-06-04 04:30:00,364.0,3.7,0
19,2019-06-04 04:45:00,364.0,3.6,0
20,2019-06-04 05:00:00,364.0,3.6,0
21,2019-06-04 05:15:00,364.0,3.7,0
22,2019-06-04 05:30:00,364.0,3.8,0
23,2019-06-04 05:45:00,364.0,3.6,0
24,2019-06-04 06:00:00,364.0,3.7,0
25,2019-06-04 06:15:00,364.0,3.7,0
26,2019-06-04 06:30:00,364.0,3.7,0
27,2019-06-04 06:45:00,364.0,3.8,0
28,2019-06-04 07:00:00,364.0,3.8,0
29,2019-06-04 07:15:00,364.0,4.0,0
30,2019-06-04 07:30:00,364.0,3.9,0
31,2019-06-04 07:45:00,364.0,4.0,0
32,2019-06-04 08:00:00,364.0,3.8,0
33,2019-06-04 08:15:00,364.0,3.9,0
34,2019-06-04 08:30:00,364.0,4.0,0
35,2019-06-04 08:45:00,364.0,4.1,0
36,2019-06-04 09:00:00,364.0,4.1,0
37,2019-06-04 09:15:00,364.0,4.2,0
38,2019-06-04 09:30:00,364.0,4.1,0
39,2019-06-04 09:45:00,364.0,4.1,0
40,2019-06-04 10:00:00,364.0,4.2,0
41,2019-06-04 10:15:00,364.0,4.0,0
42,2019-06-04 10:30:00,364.0,3.9,0
43,2019-06-04 10:45:00,364.0,3.7,0
44,2019-06-04 11:00:00,364.0,3.4,0
45,2019-06-04 11:15:00,364.0,3.3,0
46,2019-06-04 11:30:00,364.0,3.1,0
47,2019-06-04 11:45:00,364.0,3.1,0
48,2019-06-04 12:00:00,364.0,3.0,0
49,2019-06-04 12:15:00,364.0,3.0,0
50,2019-06-04 12:30:00,364.0,3.0,0
51,2019-06-04 12:45:00,364.0,3.0,0
52,2019-06-04 13:00:00,360.0,2.9,0
53,2019-06-04 13:15:00,360.0,3.2,0
54,2019-06-04 13:30:00,360.0,3.0,0
55,2019-06-04 13:45:00,360.0,3.1,0
56,2019-06-04 14:00:00,360.0,3.2,0
57,2019-06-04 14:15:00,360.0,3.1,0
58,2019-06-04 14:30:00,360.0,3.1,0
59,2019-06-04 14:45:00,360.0,3.0,0
60,2019-06-04 15:00:00,360.0,3.0,0
61,2019-06-04 15:15:00,360.0,3.2,0
62,2019-06-04 15:30:00,360.0,3.2,0
63,2019-06-04 15:45:00,360.0,3.1,0
64,2019-06-04 16:00:00,356.0,3.3,0
65,2019-06-04 16:15:00,356.0,3.3,0
66,2019-06-04 16:30:00,356.0,3.2,0
67,2019-06-04 16:45:00,356.0,3.3,0
68,2019-06-04 17:00:00,356.0,3.4,0
69,2019-06-04 17:15:00,356.0,3.5,0
70,2019-06-04 17:30:00,356.0,3.3,0
71,2019-06-04 17:45:00,356.0,3.3,0
72,2019-06-04 18:00:00,356.0,3.4,0
73,2019-06-04 18:15:00,356.0,3.3,0
74,2019-06-04 18:30:00,356.0,3.3,0
75,2019-06-04 18:45:00,356.0,3.4,0
76,2019-06-04 19:00:00,356.0,3.4,0
77,2019-06-04 19:15:00,356.0,3.2,0
78,2019-06-04 19:30:00,352.0,3.4,0
79,2019-06-04 19:45:00,352.0,3.4,0
80,2019-06-04 20:00:00,356.0,3.3,0
81,2019-06-04 20:15:00,356.0,3.5,0
82,2019-06-04 20:30:00,356.0,3.4,0
83,2019-06-04 20:45:00,356.0,3.5,0
84,2019-06-04 21:00:00,356.0,3.6,0
85,2019-06-04 21:15:00,356.0,3.8,0
86,2019-06-04 21:30:00,356.0,3.4,0
87,2019-06-04 21:45:00,356.0,3.5,0
88,2019-06-04 22:00:00,356.0,3.6,0
89,2019-06-04 22:15:00,356.0,3.5,0
90,2019-06-04 22:30:00,356.0,3.5,0
91,2019-06-04 22:45:00,356.0,3.5,0
92,2019-06-04 23:00:00,356.0,3.6,0
93,2019-06-04 23:15:00,356.0,3.7,0
94,2019-06-04 23:30:00,356.0,3.6,0
95,2019-06-04 23:45:00,356.0,3.6,0
96,2019-06-05 00:00:00,356.0,3.7,0
97,2019-06-05 00:15:00,356.0,3.7,0
98,2019-06-05 00:30:00,356.0,3.6,0
99,2019-06-05 00:45:00,356.0,3.6,0
100,2019-06-05 01:00:00,356.0,3.8,0
101,2019-06-05 01:15:00,356.0,3.8,0
102,2019-06-05 01:30:00,356.0,3.8,0
103,2019-06-05 01:45:00,356.0,3.8,0
104,2019-06-05 02:00:00,356.0,3.7,0
105,2019-06-05 02:15:00,356.0,3.6,0
106,2019-06-05 02:30:00,356.0,3.8,0
107,2019-06-05 02:45:00,356.0,3.7,0
108,2019-06-05 03:00:00,356.0,3.8,0
109,2019-06-05 03:15:00,356.0,3.7,0
110,2019-06-05 03:30:00,356.0,3.7,0
111,2019-06-05 03:45:00,356.0,3.8,0
112,2019-06-05 04:00:00,356.0,3.9,0
113,2019-06-05 04:15:00,356.0,3.7,0
114,2019-06-05 04:30:00,356.0,3.7,0
115,2019-06-05 04:45:00,356.0,3.6,0
116,2019-06-05 05:00:00,356.0,3.7,0
117,2019-06-05 05:15:00,356.0,3.7,0
118,2019-06-05 05:30:00,356.0,3.7,0
119,2019-06-05 05:45:00,356.0,3.6,0
120,2019-06-05 06:00:00,356.0,3.5,0
121,2019-06-05 06:15:00,356.0,3.6,0
122,2019-06-05 06:30:00,356.0,3.3,0
123,2019-06-05 06:45:00,356.0,3.5,0
124,2019-06-05 07:00:00,356.0,3.3,0
125,2019-06-05 07:15:00,356.0,3.3,0
126,2019-06-05 07:30:00,356.0,3.3,0
127,2019-06-05 07:45:00,356.0,3.2,0
128,2019-06-05 08:00:00,356.0,3.1,0
129,2019-06-05 08:15:00,356.0,3.2,0
130,2019-06-05 08:30:00,356.0,3.2,0
131,2019-06-05 08:45:00,356.0,3.2,0
132,2019-06-05 09:00:00,356.0,3.1,0
133,2019-06-05 09:15:00,356.0,3.2,0
134,2019-06-05 09:30:00,356.0,3.2,0
135,2019-06-05 09:45:00,356.0,3.1,0
136,2019-06-05 10:00:00,356.0,3.0,0
137,2019-06-05 10:15:00,356.0,3.0,0
138,2019-06-05 10:30:00,356.0,3.0,0
139,2019-06-05 10:45:00,356.0,3.1,0
140,2019-06-05 11:00:00,356.0,3.0,0
141,2019-06-05 11:15:00,356.0,3.0,0
142,2019-06-05 11:30:00,356.0,2.9,0
143,2019-06-05 11:45:00,356.0,2.8,0
144,2019-06-05 12:00:00,356.0,2.9,0
145,2019-06-05 12:15:00,352.0,3.0,0
146,2019-06-05 12:30:00,356.0,3.0,0
147,2019-06-05 12:45:00,356.0,3.0,0
148,2019-06-05 13:00:00,352.0,2.7,0
149,2019-06-05 13:15:00,352.0,2.8,0
150,2019-06-05 13:30:00,352.0,2.8,0
151,2019-06-05 13:45:00,352.0,2.9,0
152,2019-06-05 14:00:00,352.0,3.0,0
153,2019-06-05 14:15:00,352.0,2.9,0
154,2019-06-05 14:30:00,352.0,3.0,0
155,2019-06-05 14:45:00,352.0,3.0,0
156,2019-06-05 15:00:00,352.0,3.0,0
157,2019-06-05 15:15:00,352.0,3.1,0
158,2019-06-05 15:30:00,352.0,3.2,0
159,2019-06-05 15:45:00,352.0,3.1,0
160,2019-06-05 16:00:00,348.0,3.1,0
161,2019-06-05 16:15:00,348.0,3.0,0
162,2019-06-05 16:30:00,348.0,3.1,0
163,2019-06-05 16:45:00,348.0,3.1,0
164,2019-06-05 17:00:00,348.0,3.2,0
165,2019-06-05 17:15:00,348.0,3.2,0
166,2019-06-05 17:30:00,348.0,3.2,0
167,2019-06-05 17:45:00,348.0,3.3,0
168,2019-06-05 18:00:00,348.0,3.3,0
169,2019-06-05 18:15:00,348.0,3.4,0
170,2019-06-05 18:30:00,348.0,3.4,0
171,2019-06-05 18:45:00,348.0,3.3,0
172,2019-06-05 19:00:00,348.0,3.3,0
173,2019-06-05 19:15:00,352.0,3.3,0
174,2019-06-05 19:30:00,356.0,3.2,0
175,2019-06-05 19:45:00,356.0,3.2,0
176,2019-06-05 20:00:00,356.0,3.4,0
177,2019-06-05 20:15:00,352.0,3.5,0
178,2019-06-05 20:30:00,352.0,3.3,0
179,2019-06-05 20:45:00,348.0,3.4,0
180,2019-06-05 21:00:00,345.0,3.5,0
181,2019-06-05 21:15:00,345.0,3.4,0
182,2019-06-05 21:30:00,341.0,3.5,0
183,2019-06-05 21:45:00,341.0,3.7,0
184,2019-06-05 22:00:00,337.0,3.5,0
185,2019-06-05 22:15:00,337.0,3.5,0
186,2019-06-05 22:30:00,337.0,3.6,0
187,2019-06-05 22:45:00,337.0,3.4,0
188,2019-06-05 23:00:00,341.0,3.4,0
189,2019-06-05 23:15:00,341.0,3.4,0
190,2019-06-05 23:30:00,341.0,3.5,0
191,2019-06-05 23:45:00,341.0,3.5,0
192,2019-06-06 00:00:00,345.0,3.7,0
193,2019-06-06 00:15:00,345.0,3.5,0
194,2019-06-06 00:30:00,345.0,3.5,0
195,2019-06-06 00:45:00,345.0,3.4,0
196,2019-06-06 01:00:00,345.0,3.4,0
197,2019-06-06 01:15:00,345.0,3.3,0
198,2019-06-06 01:30:00,348.0,3.5,0
199,2019-06-06 01:45:00,348.0,3.5,0
200,2019-06-06 02:00:00,348.0,3.5,0
201,2019-06-06 02:15:00,348.0,3.6,0
202,2019-06-06 02:30:00,348.0,3.6,0
203,2019-06-06 02:45:00,348.0,3.5,0
204,2019-06-06 03:00:00,348.0,3.4,0
205,2019-06-06 03:15:00,348.0,3.5,0
206,2019-06-06 03:30:00,352.0,3.6,0
207,2019-06-06 03:45:00,352.0,3.6,0
208,2019-06-06 04:00:00,352.0,3.6,0
209,2019-06-06 04:15:00,356.0,3.6,0
210,2019-06-06 04:30:00,356.0,3.6,0
211,2019-06-06 04:45:00,356.0,3.5,0
212,2019-06-06 05:00:00,356.0,3.7,0
213,2019-06-06 05:15:00,360.0,3.6,0
214,2019-06-06 05:30:00,360.0,3.6,0
215,2019-06-06 05:45:00,360.0,3.5,0
216,2019-06-06 06:00:00,360.0,3.6,0
217,2019-06-06 06:15:00,360.0,3.6,0
218,2019-06-06 06:30:00,360.0,3.3,0
219,2019-06-06 06:45:00,360.0,3.3,0
220,2019-06-06 07:00:00,360.0,3.2,0
221,2019-06-06 07:15:00,360.0,3.2,0
222,2019-06-06 07:30:00,360.0,3.3,0
223,2019-06-06 07:45:00,360.0,3.3,0
224,2019-06-06 08:00:00,360.0,3.3,0
225,2019-06-06 08:15:00,360.0,3.2,0
226,2019-06-06 08:30:00,356.0,3.3,0
227,2019-06-06 08:45:00,356.0,3.3,0
228,2019-06-06 09:00:00,356.0,3.3,0
229,2019-06-06 09:15:00,356.0,3.4,0
230,2019-06-06 09:30:00,356.0,3.2,0
231,2019-06-06 09:45:00,356.0,3.3,0
232,2019-06-06 10:00:00,356.0,3.3,0
233,2019-06-06 10:15:00,356.0,3.4,0
234,2019-06-06 10:30:00,356.0,3.4,0
235,2019-06-06 10:45:00,356.0,3.2,0
236,2019-06-06 11:00:00,356.0,3.3,0
237,2019-06-06 11:15:00,356.0,3.3,0
238,2019-06-06 11:30:00,356.0,3.2,0
239,2019-06-06 11:45:00,352.0,3.2,0
240,2019-06-06 12:00:00,352.0,3.1,0
241,2019-06-06 12:15:00,352.0,3.1,0
242,2019-06-06 12:30:00,352.0,3.0,0
243,2019-06-06 12:45:00,352.0,3.1,0
244,2019-06-06 13:00:00,348.0,3.1,0
245,2019-06-06 13:15:00,348.0,3.2,0
246,2019-06-06 13:30:00,348.0,3.1,0
247,2019-06-06 13:45:00,348.0,3.3,0
248,2019-06-06 14:00:00,348.0,3.1,0
249,2019-06-06 14:15:00,348.0,3.1,0
250,2019-06-06 14:30:00,348.0,3.3,0
251,2019-06-06 14:45:00,348.0,3.1,0
252,2019-06-06 15:00:00,345.0,3.3,0
253,2019-06-06 15:15:00,345.0,3.0,0
254,2019-06-06 15:30:00,345.0,3.3,0
255,2019-06-06 15:45:00,345.0,3.2,0
256,2019-06-06 16:00:00,345.0,3.2,0
257,2019-06-06 16:15:00,345.0,3.2,0
258,2019-06-06 16:30:00,345.0,3.3,0
259,2019-06-06 16:45:00,341.0,3.1,0
260,2019-06-06 17:00:00,341.0,3.2,0
261,2019-06-06 17:15:00,341.0,3.2,0
262,2019-06-06 17:30:00,341.0,3.2,0
263,2019-06-06 17:45:00,341.0,3.3,0
264,2019-06-06 18:00:00,341.0,3.3,0
265,2019-06-06 18:15:00,341.0,3.3,0
266,2019-06-06 18:30:00,341.0,3.3,0
267,2019-06-06 18:45:00,337.0,3.4,0
268,2019-06-06 19:00:00,341.0,3.3,0
269,2019-06-06 19:15:00,345.0,3.3,0
270,2019-06-06 19:30:00,345.0,3.2,0
271,2019-06-06 19:45:00,348.0,3.3,0
272,2019-06-06 20:00:00,352.0,3.5,0
273,2019-06-06 20:15:00,356.0,3.5,0
274,2019-06-06 20:30:00,356.0,3.4,0
275,2019-06-06 20:45:00,360.0,3.6,0
276,2019-06-06 21:00:00,360.0,3.6,0
277,2019-06-06 21:15:00,360.0,3.5,0
278,2019-06-06 21:30:00,360.0,3.6,0
279,2019-06-06 21:45:00,360.0,3.6,0
280,2019-06-06 22:00:00,360.0,3.6,0
281,2019-06-06 22:15:00,360.0,3.6,0
282,2019-06-06 22:30:00,360.0,3.8,0
283,2019-06-06 22:45:00,360.0,3.8,0
284,2019-06-06 23:00:00,360.0,3.7,0
285,2019-06-06 23:15:00,360.0,3.8,0
286,2019-06-06 23:30:00,360.0,3.8,0
287,2019-06-06 23:45:00,360.0,3.8,0
288,2019-06-07 00:00:00,360.0,3.8,0
289,2019-06-07 00:15:00,360.0,3.7,0
290,2019-06-07 00:30:00,360.0,3.9,0
291,2019-06-07 00:45:00,360.0,3.7,0
292,2019-06-07 01:00:00,360.0,4.1,0
293,2019-06-07 01:15:00,360.0,3.9,0
294,2019-06-07 01:30:00,360.0,4.1,0
295,2019-06-07 01:45:00,360.0,4.0,0
296,2019-06-07 02:00:00,360.0,3.9,0
297,2019-06-07 02:15:00,360.0,4.0,0
298,2019-06-07 02:30:00,360.0,4.2,0
299,2019-06-07 02:45:00,360.0,3.9,0
300,2019-06-07 03:00:00,360.0,4.0,0
301,2019-06-07 03:15:00,360.0,4.1,0
302,2019-06-07 03:30:00,360.0,4.0,0
303,2019-06-07 03:45:00,360.0,4.1,0
304,2019-06-07 04:00:00,360.0,4.0,0
305,2019-06-07 04:15:00,360.0,4.0,0
306,2019-06-07 04:30:00,360.0,4.1,0
307,2019-06-07 04:45:00,360.0,4.2,0
308,2019-06-07 05:00:00,360.0,4.0,0
309,2019-06-07 05:15:00,356.0,4.0,0
310,2019-06-07 05:30:00,356.0,4.0,0
311,2019-06-07 05:45:00,356.0,3.8,0
312,2019-06-07 06:00:00,356.0,3.9,0
313,2019-06-07 06:15:00,356.0,3.7,0
314,2019-06-07 06:30:00,356.0,3.8,0
315,2019-06-07 06:45:00,356.0,3.8,0
316,2019-06-07 07:00:00,356.0,3.8,0
317,2019-06-07 07:15:00,356.0,3.6,0
318,2019-06-07 07:30:00,356.0,3.4,0
319,2019-06-07 07:45:00,356.0,3.4,0
320,2019-06-07 08:00:00,356.0,3.4,0
321,2019-06-07 08:15:00,356.0,3.4,0
322,2019-06-07 08:30:00,356.0,3.4,0
323,2019-06-07 08:45:00,356.0,3.4,0
324,2019-06-07 09:00:00,356.0,3.4,0
325,2019-06-07 09:15:00,356.0,3.2,0
326,2019-06-07 09:30:00,356.0,3.3,0
327,2019-06-07 09:45:00,356.0,3.2,0
328,2019-06-07 10:00:00,356.0,3.2,0
329,2019-06-07 10:15:00,356.0,3.2,0
330,2019-06-07 10:30:00,356.0,3.1,0
331,2019-06-07 10:45:00,356.0,3.0,0
332,2019-06-07 11:00:00,356.0,3.1,0
333,2019-06-07 11:15:00,356.0,3.1,0
334,2019-06-07 11:30:00,356.0,3.1,0
335,2019-06-07 11:45:00,356.0,3.0,0
336,2019-06-07 12:00:00,356.0,2.9,0
337,2019-06-07 12:15:00,356.0,2.9,0
338,2019-06-07 12:30:00,356.0,3.1,0
339,2019-06-07 12:45:00,356.0,3.0,0
340,2019-06-07 13:00:00,352.0,2.9,0
341,2019-06-07 13:15:00,352.0,2.9,0
342,2019-06-07 13:30:00,352.0,2.9,0
343,2019-06-07 13:45:00,352.0,3.0,0
344,2019-06-07 14:00:00,352.0,3.1,0
345,2019-06-07 14:15:00,352.0,3.1,0
346,2019-06-07 14:30:00,352.0,3.0,0
347,2019-06-07 14:45:00,352.0,2.8,0
348,2019-06-07 15:00:00,352.0,3.0,0
349,2019-06-07 15:15:00,352.0,3.1,0
350,2019-06-07 15:30:00,352.0,3.0,0
351,2019-06-07 15:45:00,348.0,2.9,0
352,2019-06-07 16:00:00,348.0,3.0,0
353,2019-06-07 16:15:00,348.0,3.0,0
354,2019-06-07 16:30:00,348.0,3.0,0
355,2019-06-07 16:45:00,348.0,3.1,0
356,2019-06-07 17:00:00,348.0,3.2,0
357,2019-06-07 17:15:00,348.0,3.1,0
358,2019-06-07 17:30:00,348.0,2.9,0
359,2019-06-07 17:45:00,348.0,3.1,0
360,2019-06-07 18:00:00,348.0,3.0,0
361,2019-06-07 18:15:00,345.0,2.9,0
362,2019-06-07 18:30:00,345.0,3.1,0
363,2019-06-07 18:45:00,345.0,3.2,0
364,2019-06-07 19:00:00,345.0,3.1,0
365,2019-06-07 19:15:00,345.0,3.2,0
366,2019-06-07 19:30:00,345.0,3.1,0
367,2019-06-07 19:45:00,345.0,3.2,0
368,2019-06-07 20:00:00,345.0,3.3,0
369,2019-06-07 20:15:00,345.0,3.2,0
370,2019-06-07 20:30:00,345.0,3.5,0
371,2019-06-07 20:45:00,345.0,3.2,0
372,2019-06-07 21:00:00,345.0,3.5,0
373,2019-06-07 21:15:00,345.0,3.4,0
374,2019-06-07 21:30:00,345.0,3.6,0
375,2019-06-07 21:45:00,345.0,3.5,0
376,2019-06-07 22:00:00,345.0,3.4,0
377,2019-06-07 22:15:00,345.0,3.4,0
378,2019-06-07 22:30:00,345.0,3.4,0
379,2019-06-07 22:45:00,345.0,3.5,0
380,2019-06-07 23:00:00,341.0,3.3,0
381,2019-06-07 23:15:00,345.0,3.6,0
382,2019-06-07 23:30:00,345.0,3.5,0
383,2019-06-07 23:45:00,345.0,3.6,0
384,2019-06-08 00:00:00,341.0,3.7,0
385,2019-06-08 00:15:00,345.0,3.4,0
386,2019-06-08 00:30:00,341.0,3.4,0
387,2019-06-08 00:45:00,341.0,3.6,0
388,2019-06-08 01:00:00,341.0,3.6,0
389,2019-06-08 01:15:00,341.0,3.8,0
390,2019-06-08 01:30:00,341.0,3.6,0
391,2019-06-08 01:45:00,345.0,3.7,0
392,2019-06-08 02:00:00,345.0,3.8,0
393,2019-06-08 02:15:00,345.0,3.9,0
394,2019-06-08 02:30:00,345.0,3.8,0
395,2019-06-08 02:45:00,345.0,3.8,0
396,2019-06-08 03:00:00,341.0,3.8,0
397,2019-06-08 03:15:00,341.0,3.7,0
398,2019-06-08 03:30:00,345.0,3.8,0
399,2019-06-08 03:45:00,341.0,3.7,0
400,2019-06-08 04:00:00,341.0,3.8,0
401,2019-06-08 04:15:00,341.0,3.9,0
402,2019-06-08 04:30:00,345.0,3.9,0
403,2019-06-08 04:45:00,341.0,3.9,0
404,2019-06-08 05:00:00,345.0,3.9,0
405,2019-06-08 05:15:00,341.0,3.8,0
406,2019-06-08 05:30:00,341.0,4.0,0
407,2019-06-08 05:45:00,341.0,4.1,0
408,2019-06-08 06:00:00,341.0,3.9,0
409,2019-06-08 06:15:00,341.0,4.0,0
410,2019-06-08 06:30:00,341.0,3.9,0
411,2019-06-08 06:45:00,341.0,3.8,0
412,2019-06-08 07:00:00,341.0,3.8,0
413,2019-06-08 07:15:00,341.0,3.6,0
414,2019-06-08 07:30:00,341.0,3.8,0
415,2019-06-08 07:45:00,341.0,3.8,0
416,2019-06-08 08:00:00,341.0,3.6,0
417,2019-06-08 08:15:00,341.0,3.6,0
418,2019-06-08 08:30:00,341.0,3.6,0
419,2019-06-08 08:45:00,341.0,3.6,0
420,2019-06-08 09:00:00,341.0,3.6,0
421,2019-06-08 09:15:00,341.0,3.7,0
422,2019-06-08 09:30:00,341.0,3.7,0
423,2019-06-08 09:45:00,341.0,3.5,0
424,2019-06-08 10:00:00,341.0,3.6,0
425,2019-06-08 10:15:00,341.0,3.6,0
426,2019-06-08 10:30:00,341.0,3.4,0
427,2019-06-08 10:45:00,341.0,3.6,0
428,2019-06-08 11:00:00,341.0,3.6,0
429,2019-06-08 11:15:00,341.0,3.5,0
430,2019-06-08 11:30:00,341.0,3.6,0
431,2019-06-08 11:45:00,341.0,3.5,0
432,2019-06-08 12:00:00,341.0,3.4,0
433,2019-06-08 12:15:00,341.0,3.6,0
434,2019-06-08 12:30:00,337.0,3.5,0
435,2019-06-08 12:45:00,337.0,3.5,0
436,2019-06-08 13:00:00,337.0,3.3,0
437,2019-06-08 13:15:00,337.0,3.4,0
438,2019-06-08 13:30:00,337.0,3.4,0
439,2019-06-08 13:45:00,337.0,3.3,0
440,2019-06-08 14:00:00,337.0,3.4,0
441,2019-06-08 14:15:00,341.0,3.4,0
442,2019-06-08 14:30:00,345.0,3.4,0
443,2019-06-08 14:45:00,345.0,3.4,0
444,2019-06-08 15:00:00,345.0,3.4,0
445,2019-06-08 15:15:00,348.0,3.4,0
446,2019-06-08 15:30:00,348.0,3.6,0
447,2019-06-08 15:45:00,348.0,3.8,0
448,2019-06-08 16:00:00,348.0,3.5,0
449,2019-06-08 16:15:00,348.0,3.5,0
450,2019-06-08 16:30:00,348.0,3.4,0
451,2019-06-08 16:45:00,348.0,3.7,0
452,2019-06-08 17:00:00,348.0,3.7,0
453,2019-06-08 17:15:00,348.0,3.6,0
454,2019-06-08 17:30:00,348.0,3.8,0
455,2019-06-08 17:45:00,348.0,3.8,0
456,2019-06-08 18:00:00,348.0,3.8,0
457,2019-06-08 18:15:00,348.0,4.0,0
458,2019-06-08 18:30:00,348.0,4.0,0
459,2019-06-08 18:45:00,345.0,3.9,0
460,2019-06-08 19:00:00,345.0,3.9,0
461,2019-06-08 19:15:00,345.0,3.9,0
462,2019-06-08 19:30:00,345.0,3.9,0
463,2019-06-08 19:45:00,345.0,4.4,0
464,2019-06-08 20:00:00,345.0,4.2,0
465,2019-06-08 20:15:00,345.0,4.3,0
466,2019-06-08 20:30:00,345.0,4.2,0
467,2019-06-08 20:45:00,345.0,4.2,0
468,2019-06-08 21:00:00,345.0,4.1,0
469,2019-06-08 21:15:00,345.0,4.4,0
470,2019-06-08 21:30:00,345.0,4.3,0
471,2019-06-08 21:45:00,345.0,4.3,0
472,2019-06-08 22:00:00,345.0,4.4,0
473,2019-06-08 22:15:00,345.0,4.2,0
474,2019-06-08 22:30:00,345.0,4.3,0
475,2019-06-08 22:45:00,345.0,4.3,0
476,2019-06-08 23:00:00,348.0,4.5,0
477,2019-06-08 23:15:00,348.0,4.3,0
478,2019-06-08 23:30:00,348.0,4.4,0
479,2019-06-08 23:45:00,348.0,4.4,0
480,2019-06-09 00:00:00,348.0,4.6,0
481,2019-06-09 00:15:00,348.0,4.5,0
482,2019-06-09 00:30:00,348.0,4.3,0
483,2019-06-09 00:45:00,348.0,4.5,0
484,2019-06-09 01:00:00,348.0,4.5,0
485,2019-06-09 01:15:00,348.0,4.3,0
486,2019-06-09 01:30:00,348.0,4.5,0
487,2019-06-09 01:45:00,348.0,4.6,0
488,2019-06-09 02:00:00,348.0,4.8,0
489,2019-06-09 02:15:00,348.0,4.7,0
490,2019-06-09 02:30:00,348.0,4.6,0
491,2019-06-09 02:45:00,348.0,4.8,0
492,2019-06-09 03:00:00,348.0,4.6,0
493,2019-06-09 03:15:00,348.0,4.5,0
494,2019-06-09 03:30:00,348.0,4.8,0
495,2019-06-09 03:45:00,348.0,4.8,0
496,2019-06-09 04:00:00,348.0,4.8,0
497,2019-06-09 04:15:00,348.0,4.8,0
498,2019-06-09 04:30:00,348.0,4.6,0
499,2019-06-09 04:45:00,348.0,4.7,0
500,2019-06-09 05:00:00,348.0,4.6,0
501,2019-06-09 05:15:00,348.0,4.7,0
502,2019-06-09 05:30:00,348.0,4.6,0
503,2019-06-09 05:45:00,348.0,4.4,0
504,2019-06-09 06:00:00,348.0,4.4,0
505,2019-06-09 06:15:00,348.0,4.6,0
506,2019-06-09 06:30:00,348.0,4.4,0
507,2019-06-09 06:45:00,348.0,4.4,0
508,2019-06-09 07:00:00,348.0,4.3,0
509,2019-06-09 07:15:00,348.0,4.2,0
510,2019-06-09 07:30:00,348.0,4.2,0
511,2019-06-09 07:45:00,348.0,4.2,0
512,2019-06-09 08:00:00,348.0,4.0,0
513,2019-06-09 08:15:00,348.0,3.9,0
514,2019-06-09 08:30:00,348.0,3.7,0
515,2019-06-09 08:45:00,348.0,3.8,0
516,2019-06-09 09:00:00,348.0,3.6,0
517,2019-06-09 09:15:00,348.0,3.7,0
518,2019-06-09 09:30:00,348.0,3.6,0
519,2019-06-09 09:45:00,348.0,3.5,0
520,2019-06-09 10:00:00,348.0,3.6,0
521,2019-06-09 10:15:00,348.0,3.4,0
522,2019-06-09 10:30:00,348.0,3.4,0
523,2019-06-09 10:45:00,345.0,3.3,0
524,2019-06-09 11:00:00,345.0,3.4,0
525,2019-06-09 11:15:00,345.0,3.4,0
526,2019-06-09 11:30:00,345.0,3.4,0
527,2019-06-09 11:45:00,345.0,3.4,0
528,2019-06-09 12:00:00,345.0,3.4,0
529,2019-06-09 12:15:00,345.0,3.2,0
530,2019-06-09 12:30:00,345.0,3.4,0
531,2019-06-09 12:45:00,345.0,3.2,0
532,2019-06-09 13:00:00,345.0,3.3,0
533,2019-06-09 13:15:00,345.0,3.2,0
534,2019-06-09 13:30:00,345.0,3.1,0
535,2019-06-09 13:45:00,345.0,3.4,0
536,2019-06-09 14:00:00,345.0,3.2,0
537,2019-06-09 14:15:00,341.0,3.3,0
538,2019-06-09 14:30:00,341.0,3.3,0
539,2019-06-09 14:45:00,341.0,3.3,0
540,2019-06-09 15:00:00,341.0,3.4,0
541,2019-06-09 15:15:00,341.0,3.2,0
542,2019-06-09 15:30:00,341.0,3.4,0
543,2019-06-09 15:45:00,341.0,3.3,0
544,2019-06-09 16:00:00,341.0,3.4,0
545,2019-06-09 16:15:00,341.0,3.6,0
546,2019-06-09 16:30:00,337.0,3.4,0
547,2019-06-09 16:45:00,337.0,3.4,0
548,2019-06-09 17:00:00,337.0,3.5,0
549,2019-06-09 17:15:00,337.0,3.3,0
550,2019-06-09 17:30:00,337.0,3.5,0
551,2019-06-09 17:45:00,337.0,3.6,0
552,2019-06-09 18:00:00,337.0,3.4,0
553,2019-06-09 18:15:00,337.0,3.5,0
554,2019-06-09 18:30:00,337.0,3.6,0
555,2019-06-09 18:45:00,337.0,3.5,0
556,2019-06-09 19:00:00,337.0,3.5,0
557,2019-06-09 19:15:00,337.0,3.6,0
558,2019-06-09 19:30:00,337.0,3.5,0
559,2019-06-09 19:45:00,337.0,3.7,0
560,2019-06-09 20:00:00,337.0,3.8,0
561,2019-06-09 20:15:00,337.0,3.8,0
562,2019-06-09 20:30:00,337.0,3.8,0
563,2019-06-09 20:45:00,337.0,4.0,0
564,2019-06-09 21:00:00,337.0,3.8,0
565,2019-06-09 21:15:00,337.0,3.9,0
566,2019-06-09 21:30:00,337.0,4.0,0
567,2019-06-09 21:45:00,337.0,4.2,0
568,2019-06-09 22:00:00,337.0,4.2,0
569,2019-06-09 22:15:00,337.0,4.6,0
570,2019-06-09 22:30:00,337.0,4.4,0
571,2019-06-09 22:45:00,337.0,4.0,0
572,2019-06-09 23:00:00,337.0,4.2,0
573,2019-06-09 23:15:00,337.0,4.2,0
574,2019-06-09 23:30:00,337.0,4.2,0
575,2019-06-09 23:45:00,337.0,4.1,0
576,2019-06-10 00:00:00,337.0,4.3,0
577,2019-06-10 00:15:00,337.0,4.3,0
578,2019-06-10 00:30:00,337.0,4.0,0
579,2019-06-10 00:45:00,337.0,4.4,0
580,2019-06-10 01:00:00,337.0,4.2,0
581,2019-06-10 01:15:00,337.0,4.4,0
582,2019-06-10 01:30:00,337.0,4.2,0
583,2019-06-10 01:45:00,337.0,4.3,0
584,2019-06-10 02:00:00,337.0,4.3,0
585,2019-06-10 02:15:00,337.0,4.2,0
586,2019-06-10 02:30:00,337.0,4.2,0
587,2019-06-10 02:45:00,337.0,4.1,0
588,2019-06-10 03:00:00,337.0,4.3,0
589,2019-06-10 03:15:00,337.0,4.4,0
590,2019-06-10 03:30:00,337.0,4.4,0
591,2019-06-10 03:45:00,337.0,4.3,0
592,2019-06-10 04:00:00,337.0,4.2,0
593,2019-06-10 04:15:00,337.0,4.4,0
594,2019-06-10 04:30:00,337.0,4.4,0
595,2019-06-10 04:45:00,337.0,4.2,0
596,2019-06-10 05:00:00,337.0,4.0,0
597,2019-06-10 05:15:00,337.0,4.2,0
598,2019-06-10 05:30:00,337.0,4.1,0
599,2019-06-10 05:45:00,337.0,4.0,0
600,2019-06-10 06:00:00,337.0,4.0,0
601,2019-06-10 06:15:00,337.0,3.8,0
602,2019-06-10 06:30:00,337.0,3.8,0
603,2019-06-10 06:45:00,337.0,3.8,0
604,2019-06-10 07:00:00,337.0,3.7,0
605,2019-06-10 07:15:00,337.0,3.6,0
606,2019-06-10 07:30:00,337.0,3.6,0
607,2019-06-10 07:45:00,337.0,3.5,0
608,2019-06-10 08:00:00,337.0,3.6,0
609,2019-06-10 08:15:00,337.0,3.5,0
610,2019-06-10 08:30:00,337.0,3.4,0
611,2019-06-10 08:45:00,337.0,3.3,0
612,2019-06-10 09:00:00,337.0,3.4,0
613,2019-06-10 09:15:00,337.0,3.3,0
614,2019-06-10 09:30:00,337.0,3.2,0
615,2019-06-10 09:45:00,337.0,3.3,0
616,2019-06-10 10:00:00,337.0,3.3,0
617,2019-06-10 10:15:00,337.0,3.2,0
618,2019-06-10 10:30:00,337.0,3.2,0
619,2019-06-10 10:45:00,337.0,3.2,0
620,2019-06-10 11:00:00,337.0,3.1,0
621,2019-06-10 11:15:00,337.0,3.1,0
622,2019-06-10 11:30:00,337.0,3.1,0
623,2019-06-10 11:45:00,337.0,3.1,0
624,2019-06-10 12:00:00,337.0,3.2,0
625,2019-06-10 12:15:00,337.0,3.2,0
626,2019-06-10 12:30:00,337.0,3.2,1
627,2019-06-10 12:45:00,341.0,3.4,1
628,2019-06-10 13:00:00,341.0,3.1,1
629,2019-06-10 13:15:00,341.0,3.3,1
630,2019-06-10 13:30:00,341.0,3.3,1
631,2019-06-10 13:45:00,345.0,3.3,1
632,2019-06-10 14:00:00,348.0,3.3,1
633,2019-06-10 14:15:00,348.0,3.4,1
634,2019-06-10 14:30:00,352.0,3.5,1
635,2019-06-10 14:45:00,352.0,3.5,1
636,2019-06-10 15:00:00,356.0,3.5,1
637,2019-06-10 15:15:00,360.0,3.5,1
638,2019-06-10 15:30:00,364.0,3.6,1
639,2019-06-10 15:45:00,364.0,3.7,1
640,2019-06-10 16:00:00,368.0,3.7,1
641,2019-06-10 16:15:00,368.0,3.9,1
642,2019-06-10 16:30:00,372.0,4.0,1
643,2019-06-10 16:45:00,376.0,4.2,1
644,2019-06-10 17:00:00,380.0,5.4,1
645,2019-06-10 17:15:00,388.0,8.0,1
646,2019-06-10 17:30:00,392.0,12.0,1
647,2019-06-10 17:45:00,397.0,18.8,1
648,2019-06-10 18:00:00,414.0,17.7,1
649,2019-06-10 18:15:00,414.0,17.7,1
650,2019-06-10 18:30:00,414.0,13.5,1
651,2019-06-10 18:45:00,418.0,10.4,1
652,2019-06-10 19:00:00,427.0,8.5,1
653,2019-06-10 19:15:00,449.0,7.4,1
654,2019-06-10 19:30:00,463.0,7.5,1
655,2019-06-10 19:45:00,477.0,9.1,1
656,2019-06-10 20:00:00,506.0,18.5,1
657,2019-06-10 20:15:00,531.0,23.7,1
658,2019-06-10 20:30:00,568.0,22.8,1
659,2019-06-10 20:45:00,595.0,20.8,1
660,2019-06-10 21:00:00,640.0,21.7,1
661,2019-06-10 21:15:00,724.0,18.1,1
662,2019-06-10 21:30:00,781.0,14.8,1
663,2019-06-10 21:45:00,828.0,17.6,1
664,2019-06-10 22:00:00,870.0,44.9,1
665,2019-06-10 22:15:00,913.0,112.0,1
666,2019-06-10 22:30:00,973.0,147.0,1
667,2019-06-10 22:45:00,1030.0,386.0,1
668,2019-06-10 23:00:00,1080.0,177.0,1
669,2019-06-10 23:15:00,1110.0,99.3,1
670,2019-06-10 23:30:00,1140.0,77.9,1
671,2019-06-10 23:45:00,1180.0,67.5,1
672,2019-06-11 00:00:00,1210.0,73.1,1
673,2019-06-11 00:15:00,1240.0,75.2,1
674,2019-06-11 00:30:00,1250.0,75.2,1
675,2019-06-11 00:45:00,1250.0,97.1,1
676,2019-06-11 01:00:00,1250.0,101.0,1
677,2019-06-11 01:15:00,1240.0,83.9,1
678,2019-06-11 01:30:00,1220.0,70.2,1
679,2019-06-11 01:45:00,1200.0,66.3,1
680,2019-06-11 02:00:00,1180.0,71.3,1
681,2019-06-11 02:15:00,1180.0,74.7,1
682,2019-06-11 02:30:00,1150.0,64.6,1
683,2019-06-11 02:45:00,1130.0,57.8,1
684,2019-06-11 03:00:00,1120.0,56.9,1
685,2019-06-11 03:15:00,1100.0,56.7,1
686,2019-06-11 03:30:00,1080.0,56.2,1
687,2019-06-11 03:45:00,1070.0,54.3,1
688,2019-06-11 04:00:00,1050.0,50.4,1
689,2019-06-11 04:15:00,1030.0,47.3,1
690,2019-06-11 04:30:00,1010.0,45.7,1
691,2019-06-11 04:45:00,996.0,41.6,1
692,2019-06-11 05:00:00,980.0,39.7,1
693,2019-06-11 05:15:00,965.0,37.7,1
694,2019-06-11 05:30:00,950.0,33.9,1
695,2019-06-11 05:45:00,935.0,32.2,1
696,2019-06-11 06:00:00,920.0,30.1,1
697,2019-06-11 06:15:00,906.0,28.7,1
698,2019-06-11 06:30:00,891.0,26.3,1
699,2019-06-11 06:45:00,877.0,25.8,1
700,2019-06-11 07:00:00,863.0,23.3,1
701,2019-06-11 07:15:00,849.0,22.5,1
702,2019-06-11 07:30:00,842.0,20.2,1
703,2019-06-11 07:45:00,828.0,20.2,1
704,2019-06-11 08:00:00,822.0,18.8,1
705,2019-06-11 08:15:00,808.0,19.1,1
706,2019-06-11 08:30:00,801.0,17.6,1
707,2019-06-11 08:45:00,788.0,17.2,1
708,2019-06-11 09:00:00,781.0,15.8,1
709,2019-06-11 09:15:00,768.0,15.3,1
710,2019-06-11 09:30:00,762.0,14.5,1
711,2019-06-11 09:45:00,755.0,13.3,1
712,2019-06-11 10:00:00,743.0,13.0,1
713,2019-06-11 10:15:00,736.0,12.7,1
714,2019-06-11 10:30:00,730.0,12.5,1
715,2019-06-11 10:45:00,724.0,11.5,1
716,2019-06-11 11:00:00,717.0,10.8,1
717,2019-06-11 11:15:00,705.0,10.9,1
718,2019-06-11 11:30:00,699.0,10.3,1
719,2019-06-11 11:45:00,693.0,9.8,1
720,2019-06-11 12:00:00,687.0,9.6,1
721,2019-06-11 12:15:00,681.0,9.2,1
722,2019-06-11 12:30:00,675.0,9.1,1
723,2019-06-11 12:45:00,669.0,8.9,1
724,2019-06-11 13:00:00,669.0,9.2,1
725,2019-06-11 13:15:00,663.0,8.8,1
726,2019-06-11 13:30:00,657.0,8.6,1
727,2019-06-11 13:45:00,651.0,8.3,1
728,2019-06-11 14:00:00,645.0,8.2,1
729,2019-06-11 14:15:00,645.0,8.0,1
730,2019-06-11 14:30:00,634.0,7.9,1
731,2019-06-11 14:45:00,634.0,7.8,1
732,2019-06-11 15:00:00,628.0,7.6,1
733,2019-06-11 15:15:00,628.0,7.6,1
734,2019-06-11 15:30:00,622.0,7.5,1
735,2019-06-11 15:45:00,622.0,7.2,1
736,2019-06-11 16:00:00,617.0,7.2,1
737,2019-06-11 16:15:00,617.0,7.0,1
738,2019-06-11 16:30:00,611.0,7.0,1
739,2019-06-11 16:45:00,606.0,6.7,1
740,2019-06-11 17:00:00,600.0,6.9,1
741,2019-06-11 17:15:00,600.0,6.9,1
742,2019-06-11 17:30:00,595.0,6.6,1
743,2019-06-11 17:45:00,595.0,6.3,1
744,2019-06-11 18:00:00,589.0,6.3,1
745,2019-06-11 18:15:00,589.0,6.5,1
746,2019-06-11 18:30:00,589.0,6.6,1
747,2019-06-11 18:45:00,584.0,6.4,1
748,2019-06-11 19:00:00,584.0,6.5,1
749,2019-06-11 19:15:00,578.0,6.2,1
750,2019-06-11 19:30:00,578.0,6.1,1
751,2019-06-11 19:45:00,573.0,6.4,1
752,2019-06-11 20:00:00,573.0,6.4,1
753,2019-06-11 20:15:00,568.0,6.5,1
754,2019-06-11 20:30:00,568.0,6.7,1
755,2019-06-11 20:45:00,568.0,6.6,1
756,2019-06-11 21:00:00,562.0,6.8,1
757,2019-06-11 21:15:00,562.0,6.7,1
758,2019-06-11 21:30:00,562.0,6.5,1
759,2019-06-11 21:45:00,562.0,6.5,1
760,2019-06-11 22:00:00,562.0,6.3,1
761,2019-06-11 22:15:00,557.0,6.2,1
762,2019-06-11 22:30:00,557.0,6.4,1
763,2019-06-11 22:45:00,557.0,6.3,1
764,2019-06-11 23:00:00,552.0,6.3,1
765,2019-06-11 23:15:00,552.0,6.3,1
766,2019-06-11 23:30:00,552.0,6.2,1
767,2019-06-11 23:45:00,552.0,6.4,1
768,2019-06-12 00:00:00,552.0,6.5,1
769,2019-06-12 00:15:00,547.0,6.2,1
770,2019-06-12 00:30:00,547.0,6.2,1
771,2019-06-12 00:45:00,547.0,6.4,1
772,2019-06-12 01:00:00,547.0,6.6,1
773,2019-06-12 01:15:00,541.0,6.2,0
774,2019-06-12 01:30:00,541.0,6.3,0
775,2019-06-12 01:45:00,541.0,6.2,0
776,2019-06-12 02:00:00,541.0,6.3,0
777,2019-06-12 02:15:00,541.0,6.1,0
778,2019-06-12 02:30:00,541.0,6.3,0
779,2019-06-12 02:45:00,541.0,6.0,0
780,2019-06-12 03:00:00,541.0,6.0,0
781,2019-06-12 03:15:00,536.0,6.1,0
782,2019-06-12 03:30:00,536.0,6.3,0
783,2019-06-12 03:45:00,536.0,5.7,0
784,2019-06-12 04:00:00,536.0,5.9,0
785,2019-06-12 04:15:00,536.0,5.8,0
786,2019-06-12 04:30:00,531.0,5.9,0
787,2019-06-12 04:45:00,531.0,5.7,0
788,2019-06-12 05:00:00,531.0,5.7,0
789,2019-06-12 05:15:00,531.0,5.8,0
790,2019-06-12 05:30:00,531.0,5.5,0
791,2019-06-12 05:45:00,531.0,5.5,0
792,2019-06-12 06:00:00,531.0,5.7,0
793,2019-06-12 06:15:00,531.0,5.6,0
794,2019-06-12 06:30:00,526.0,5.4,0
795,2019-06-12 06:45:00,526.0,5.4,0
796,2019-06-12 07:00:00,526.0,5.1,0
797,2019-06-12 07:15:00,526.0,5.1,0
798,2019-06-12 07:30:00,526.0,4.9,0
799,2019-06-12 07:45:00,521.0,4.8,0
800,2019-06-12 08:00:00,521.0,4.9,0
801,2019-06-12 08:15:00,521.0,4.6,0
802,2019-06-12 08:30:00,521.0,4.4,0
803,2019-06-12 08:45:00,521.0,4.6,0
804,2019-06-12 09:00:00,521.0,4.5,0
805,2019-06-12 09:15:00,521.0,4.4,0
806,2019-06-12 09:30:00,521.0,4.4,0
807,2019-06-12 09:45:00,516.0,4.2,0
808,2019-06-12 10:00:00,516.0,4.2,0
809,2019-06-12 10:15:00,516.0,4.2,0
810,2019-06-12 10:30:00,516.0,4.3,0
811,2019-06-12 10:45:00,516.0,4.2,0
812,2019-06-12 11:00:00,511.0,4.3,0
813,2019-06-12 11:15:00,511.0,4.2,0
814,2019-06-12 11:30:00,511.0,4.3,0
815,2019-06-12 11:45:00,511.0,4.2,0
816,2019-06-12 12:00:00,511.0,4.4,0
817,2019-06-12 12:15:00,511.0,4.2,0
818,2019-06-12 12:30:00,511.0,4.2,0
819,2019-06-12 12:45:00,506.0,4.1,0
820,2019-06-12 13:00:00,506.0,4.1,0
821,2019-06-12 13:15:00,506.0,4.1,0
822,2019-06-12 13:30:00,506.0,4.2,0
823,2019-06-12 13:45:00,506.0,4.2,0
824,2019-06-12 14:00:00,501.0,4.3,0
825,2019-06-12 14:15:00,501.0,4.3,0
826,2019-06-12 14:30:00,501.0,4.2,0
827,2019-06-12 14:45:00,501.0,4.3,0
828,2019-06-12 15:00:00,496.0,4.2,0
829,2019-06-12 15:15:00,496.0,4.1,0
830,2019-06-12 15:30:00,496.0,4.1,0
831,2019-06-12 15:45:00,496.0,4.5,0
832,2019-06-12 16:00:00,491.0,4.1,0
833,2019-06-12 16:15:00,491.0,4.3,0
834,2019-06-12 16:30:00,491.0,4.2,0
835,2019-06-12 16:45:00,491.0,4.2,0
836,2019-06-12 17:00:00,491.0,4.1,0
837,2019-06-12 17:15:00,491.0,4.4,0
838,2019-06-12 17:30:00,487.0,4.1,0
839,2019-06-12 17:45:00,487.0,4.2,0
840,2019-06-12 18:00:00,487.0,4.3,0
841,2019-06-12 18:15:00,487.0,4.3,0
842,2019-06-12 18:30:00,487.0,4.8,0
843,2019-06-12 18:45:00,487.0,4.6,0
844,2019-06-12 19:00:00,482.0,4.3,0
845,2019-06-12 19:15:00,482.0,4.7,0
846,2019-06-12 19:30:00,482.0,4.6,0
847,2019-06-12 19:45:00,482.0,4.4,0
848,2019-06-12 20:00:00,482.0,4.7,0
849,2019-06-12 20:15:00,482.0,4.7,0
850,2019-06-12 20:30:00,482.0,4.9,0
851,2019-06-12 20:45:00,482.0,4.7,0
852,2019-06-12 21:00:00,482.0,5.1,0
853,2019-06-12 21:15:00,482.0,4.7,0
854,2019-06-12 21:30:00,482.0,4.8,0
855,2019-06-12 21:45:00,482.0,4.7,0
856,2019-06-12 22:00:00,477.0,4.7,0
857,2019-06-12 22:15:00,477.0,4.6,0
858,2019-06-12 22:30:00,477.0,4.9,0
859,2019-06-12 22:45:00,477.0,4.6,0
860,2019-06-12 23:00:00,477.0,4.6,0
861,2019-06-12 23:15:00,477.0,4.5,0
862,2019-06-12 23:30:00,477.0,4.7,0
863,2019-06-12 23:45:00,477.0,4.8,0
864,2019-06-13 00:00:00,477.0,4.7,0
865,2019-06-13 00:15:00,477.0,4.4,0
866,2019-06-13 00:30:00,477.0,4.6,0
867,2019-06-13 00:45:00,477.0,4.6,0
868,2019-06-13 01:00:00,477.0,4.6,0
869,2019-06-13 01:15:00,477.0,4.6,0
870,2019-06-13 01:30:00,477.0,4.7,0
871,2019-06-13 01:45:00,477.0,4.7,0
872,2019-06-13 02:00:00,477.0,4.6,0
873,2019-06-13 02:15:00,477.0,4.6,0
874,2019-06-13 02:30:00,477.0,4.9,0
875,2019-06-13 02:45:00,477.0,4.6,0
876,2019-06-13 03:00:00,477.0,5.1,0
877,2019-06-13 03:15:00,477.0,4.6,0
878,2019-06-13 03:30:00,477.0,4.8,0
879,2019-06-13 03:45:00,477.0,4.7,0
880,2019-06-13 04:00:00,482.0,4.8,0
881,2019-06-13 04:15:00,482.0,5.0,0
882,2019-06-13 04:30:00,482.0,4.9,0
883,2019-06-13 04:45:00,487.0,4.9,0
884,2019-06-13 05:00:00,487.0,4.8,0
885,2019-06-13 05:15:00,487.0,4.7,0
886,2019-06-13 05:30:00,491.0,4.9,0
887,2019-06-13 05:45:00,491.0,4.7,0
888,2019-06-13 06:00:00,496.0,4.7,0
889,2019-06-13 06:15:00,501.0,4.6,0
890,2019-06-13 06:30:00,506.0,4.6,0
891,2019-06-13 06:45:00,511.0,4.4,0
892,2019-06-13 07:00:00,516.0,4.5,0
893,2019-06-13 07:15:00,521.0,4.4,0
894,2019-06-13 07:30:00,531.0,4.2,0
895,2019-06-13 07:45:00,536.0,4.3,0
896,2019-06-13 08:00:00,541.0,4.3,0
897,2019-06-13 08:15:00,547.0,4.4,0
898,2019-06-13 08:30:00,552.0,4.2,0
899,2019-06-13 08:45:00,562.0,4.5,0
900,2019-06-13 09:00:00,568.0,4.5,0
901,2019-06-13 09:15:00,573.0,5.0,0
902,2019-06-13 09:30:00,578.0,6.2,0
903,2019-06-13 09:45:00,589.0,8.4,0
904,2019-06-13 10:00:00,595.0,11.5,0
905,2019-06-13 10:15:00,600.0,14.1,0
906,2019-06-13 10:30:00,606.0,21.5,0
907,2019-06-13 10:45:00,611.0,20.9,0
908,2019-06-13 11:00:00,617.0,12.9,0
909,2019-06-13 11:15:00,622.0,11.9,0
910,2019-06-13 11:30:00,622.0,8.9,0
911,2019-06-13 11:45:00,628.0,7.3,0
912,2019-06-13 12:00:00,628.0,6.4,0
913,2019-06-13 12:15:00,628.0,6.3,0
914,2019-06-13 12:30:00,628.0,6.4,0
915,2019-06-13 12:45:00,628.0,6.6,0
916,2019-06-13 13:00:00,628.0,6.5,0
917,2019-06-13 13:15:00,622.0,6.4,0
918,2019-06-13 13:30:00,622.0,6.5,0
919,2019-06-13 13:45:00,622.0,6.1,0
920,2019-06-13 14:00:00,617.0,6.2,0
921,2019-06-13 14:15:00,611.0,6.1,0
922,2019-06-13 14:30:00,611.0,6.5,0
923,2019-06-13 14:45:00,606.0,6.6,0
924,2019-06-13 15:00:00,600.0,6.6,0
925,2019-06-13 15:15:00,600.0,7.0,0
926,2019-06-13 15:30:00,595.0,7.2,0
927,2019-06-13 15:45:00,595.0,6.9,0
928,2019-06-13 16:00:00,589.0,6.8,0
929,2019-06-13 16:15:00,589.0,6.8,0
930,2019-06-13 16:30:00,589.0,6.5,0
931,2019-06-13 16:45:00,584.0,6.6,0
932,2019-06-13 17:00:00,584.0,6.4,0
933,2019-06-13 17:15:00,578.0,6.4,0
934,2019-06-13 17:30:00,573.0,6.1,0
935,2019-06-13 17:45:00,573.0,6.3,0
936,2019-06-13 18:00:00,573.0,6.1,0
937,2019-06-13 18:15:00,573.0,6.0,0
938,2019-06-13 18:30:00,568.0,6.0,0
939,2019-06-13 18:45:00,568.0,5.9,0
940,2019-06-13 19:00:00,562.0,5.6,0
941,2019-06-13 19:15:00,562.0,5.7,0
942,2019-06-13 19:30:00,562.0,5.6,0
943,2019-06-13 19:45:00,562.0,5.4,0
944,2019-06-13 20:00:00,562.0,5.7,0
945,2019-06-13 20:15:00,562.0,5.7,0
946,2019-06-13 20:30:00,557.0,5.7,0
947,2019-06-13 20:45:00,557.0,5.8,0
948,2019-06-13 21:00:00,557.0,5.6,0
949,2019-06-13 21:15:00,557.0,5.6,0
950,2019-06-13 21:30:00,552.0,5.6,0
951,2019-06-13 21:45:00,552.0,5.7,0
952,2019-06-13 22:00:00,552.0,5.4,0
953,2019-06-13 22:15:00,552.0,5.6,0
954,2019-06-13 22:30:00,552.0,5.7,0
955,2019-06-13 22:45:00,552.0,5.6,0
956,2019-06-13 23:00:00,552.0,5.8,0
957,2019-06-13 23:15:00,547.0,5.4,0
958,2019-06-13 23:30:00,547.0,5.2,0
959,2019-06-13 23:45:00,547.0,5.4,0
960,2019-06-14 00:00:00,547.0,5.4,0
961,2019-06-14 00:15:00,547.0,5.5,0
962,2019-06-14 00:30:00,541.0,5.5,0
963,2019-06-14 00:45:00,541.0,5.6,0
964,2019-06-14 01:00:00,541.0,5.5,0
965,2019-06-14 01:15:00,541.0,5.4,0
966,2019-06-14 01:30:00,541.0,5.4,0
967,2019-06-14 01:45:00,541.0,5.1,0
968,2019-06-14 02:00:00,541.0,5.3,0
969,2019-06-14 02:15:00,541.0,5.2,0
970,2019-06-14 02:30:00,541.0,5.1,0
971,2019-06-14 02:45:00,541.0,5.0,0
972,2019-06-14 03:00:00,536.0,5.3,0
973,2019-06-14 03:15:00,536.0,5.5,0
974,2019-06-14 03:30:00,536.0,5.2,0
975,2019-06-14 03:45:00,536.0,5.4,0
976,2019-06-14 04:00:00,536.0,5.4,0
977,2019-06-14 04:15:00,536.0,5.5,0
978,2019-06-14 04:30:00,531.0,5.1,0
979,2019-06-14 04:45:00,531.0,5.3,0
980,2019-06-14 05:00:00,531.0,5.2,0
981,2019-06-14 05:15:00,531.0,5.4,0
982,2019-06-14 05:30:00,531.0,5.1,0
983,2019-06-14 05:45:00,531.0,5.0,0
984,2019-06-14 06:00:00,531.0,5.0,0
985,2019-06-14 06:15:00,531.0,4.8,0
986,2019-06-14 06:30:00,531.0,4.6,0
987,2019-06-14 06:45:00,531.0,4.7,0
988,2019-06-14 07:00:00,526.0,4.6,0
989,2019-06-14 07:15:00,526.0,4.5,0
990,2019-06-14 07:30:00,526.0,4.5,0
991,2019-06-14 07:45:00,526.0,4.3,0
992,2019-06-14 08:00:00,521.0,4.2,0
993,2019-06-14 08:15:00,521.0,4.2,0
994,2019-06-14 08:30:00,521.0,4.3,0
995,2019-06-14 08:45:00,521.0,4.1,0
996,2019-06-14 09:00:00,521.0,4.2,0
997,2019-06-14 09:15:00,516.0,4.1,0
998,2019-06-14 09:30:00,516.0,3.9,0
999,2019-06-14 09:45:00,516.0,3.9,0
1000,2019-06-14 10:00:00,516.0,3.9,0
1001,2019-06-14 10:15:00,516.0,4.0,0
1002,2019-06-14 10:30:00,516.0,3.8,0
1003,2019-06-14 10:45:00,516.0,4.0,0
1004,2019-06-14 11:00:00,511.0,3.8,0
1005,2019-06-14 11:15:00,511.0,3.7,0
1006,2019-06-14 11:30:00,511.0,3.7,0
1007,2019-06-14 11:45:00,511.0,3.7,0
1008,2019-06-14 12:00:00,511.0,3.7,0
1009,2019-06-14 12:15:00,511.0,3.9,0
1010,2019-06-14 12:30:00,511.0,3.7,0
1011,2019-06-14 12:45:00,506.0,3.6,0
1012,2019-06-14 13:00:00,506.0,3.7,0
1013,2019-06-14 13:15:00,506.0,3.6,0
1014,2019-06-14 13:30:00,506.0,3.5,0
1015,2019-06-14 13:45:00,506.0,3.6,0
1016,2019-06-14 14:00:00,506.0,3.5,0
1017,2019-06-14 14:15:00,506.0,3.5,0
1018,2019-06-14 14:30:00,506.0,3.6,0
1019,2019-06-14 14:45:00,506.0,3.7,0
1020,2019-06-14 15:00:00,501.0,3.6,0
1021,2019-06-14 15:15:00,501.0,3.6,0
1022,2019-06-14 15:30:00,501.0,3.6,0
1023,2019-06-14 15:45:00,501.0,3.6,0
1024,2019-06-14 16:00:00,501.0,3.5,0
1025,2019-06-14 16:15:00,501.0,3.6,0
1026,2019-06-14 16:30:00,501.0,3.3,0
1027,2019-06-14 16:45:00,501.0,3.5,0
1028,2019-06-14 17:00:00,501.0,3.6,0
1029,2019-06-14 17:15:00,501.0,3.6,0
1030,2019-06-14 17:30:00,501.0,3.7,0
1031,2019-06-14 17:45:00,501.0,3.6,0
1032,2019-06-14 18:00:00,501.0,3.5,0
1033,2019-06-14 18:15:00,496.0,3.6,0
1034,2019-06-14 18:30:00,496.0,3.6,0
1035,2019-06-14 18:45:00,496.0,3.6,0
1036,2019-06-14 19:00:00,496.0,3.6,0
1037,2019-06-14 19:15:00,496.0,3.7,0
1038,2019-06-14 19:30:00,496.0,3.8,0
1039,2019-06-14 19:45:00,496.0,3.9,0
1040,2019-06-14 20:00:00,496.0,3.9,0
1041,2019-06-14 20:15:00,496.0,4.0,0
1042,2019-06-14 20:30:00,496.0,4.2,0
1043,2019-06-14 20:45:00,496.0,4.2,0
1044,2019-06-14 21:00:00,496.0,4.4,0
1045,2019-06-14 21:15:00,496.0,4.2,0
1046,2019-06-14 21:30:00,496.0,4.2,0
1047,2019-06-14 21:45:00,496.0,4.3,0
1048,2019-06-14 22:00:00,496.0,4.6,0
1049,2019-06-14 22:15:00,496.0,4.2,0
1050,2019-06-14 22:30:00,496.0,4.3,0
1051,2019-06-14 22:45:00,496.0,4.2,0
1052,2019-06-14 23:00:00,496.0,4.2,0
1053,2019-06-14 23:15:00,496.0,4.2,0
1054,2019-06-14 23:30:00,496.0,4.5,0
1055,2019-06-14 23:45:00,491.0,4.2,0
1056,2019-06-15 00:00:00,491.0,4.6,0
1057,2019-06-15 00:15:00,491.0,4.3,0
1058,2019-06-15 00:30:00,491.0,4.6,0
1059,2019-06-15 00:45:00,491.0,4.5,0
1060,2019-06-15 01:00:00,496.0,4.4,0
1061,2019-06-15 01:15:00,496.0,4.6,0
1062,2019-06-15 01:30:00,491.0,4.4,0
1063,2019-06-15 01:45:00,491.0,4.4,0
1064,2019-06-15 02:00:00,491.0,4.7,0
1065,2019-06-15 02:15:00,491.0,4.4,0
1066,2019-06-15 02:30:00,491.0,5.5,0
1067,2019-06-15 02:45:00,491.0,4.6,0
1068,2019-06-15 03:00:00,491.0,4.6,0
1069,2019-06-15 03:15:00,491.0,4.8,0
1070,2019-06-15 03:30:00,491.0,4.8,0
1071,2019-06-15 03:45:00,491.0,5.0,0
1072,2019-06-15 04:00:00,491.0,4.8,0
1073,2019-06-15 04:15:00,491.0,5.0,0
1074,2019-06-15 04:30:00,491.0,5.0,0
1075,2019-06-15 04:45:00,491.0,4.7,0
1076,2019-06-15 05:00:00,491.0,5.1,0
1077,2019-06-15 05:15:00,491.0,4.9,0
1078,2019-06-15 05:30:00,491.0,5.0,0
1079,2019-06-15 05:45:00,491.0,4.9,0
1080,2019-06-15 06:00:00,491.0,4.7,0
1081,2019-06-15 06:15:00,491.0,4.7,0
1082,2019-06-15 06:30:00,491.0,4.6,0
1083,2019-06-15 06:45:00,491.0,4.7,0
1084,2019-06-15 07:00:00,487.0,4.5,0
1085,2019-06-15 07:15:00,487.0,4.5,0
1086,2019-06-15 07:30:00,487.0,4.4,0
1087,2019-06-15 07:45:00,487.0,4.2,0
1088,2019-06-15 08:00:00,482.0,4.2,0
1089,2019-06-15 08:15:00,482.0,4.0,0
1090,2019-06-15 08:30:00,482.0,4.0,0
1091,2019-06-15 08:45:00,482.0,3.8,0
1092,2019-06-15 09:00:00,482.0,3.8,0
1093,2019-06-15 09:15:00,477.0,3.8,0
1094,2019-06-15 09:30:00,477.0,3.8,0
1095,2019-06-15 09:45:00,477.0,3.7,0
1096,2019-06-15 10:00:00,477.0,3.8,0
1097,2019-06-15 10:15:00,477.0,3.7,0
1098,2019-06-15 10:30:00,477.0,3.7,0
1099,2019-06-15 10:45:00,477.0,3.7,0
1100,2019-06-15 11:00:00,472.0,3.6,0
1101,2019-06-15 11:15:00,472.0,3.6,0
1102,2019-06-15 11:30:00,472.0,3.7,0
1103,2019-06-15 11:45:00,472.0,3.9,0
1104,2019-06-15 12:00:00,472.0,3.9,0
1105,2019-06-15 12:15:00,468.0,3.7,0
1106,2019-06-15 12:30:00,468.0,3.9,0
1107,2019-06-15 12:45:00,468.0,3.8,0
1108,2019-06-15 13:00:00,468.0,3.8,0
1109,2019-06-15 13:15:00,463.0,3.9,0
1110,2019-06-15 13:30:00,468.0,3.8,0
1111,2019-06-15 13:45:00,463.0,3.7,0
1112,2019-06-15 14:00:00,463.0,3.9,0
1113,2019-06-15 14:15:00,463.0,3.8,0
1114,2019-06-15 14:30:00,463.0,3.7,0
1115,2019-06-15 14:45:00,463.0,3.9,0
1116,2019-06-15 15:00:00,458.0,4.0,0
1117,2019-06-15 15:15:00,463.0,4.1,0
1118,2019-06-15 15:30:00,458.0,4.1,0
1119,2019-06-15 15:45:00,458.0,4.3,0
1120,2019-06-15 16:00:00,458.0,4.2,0
1121,2019-06-15 16:15:00,458.0,4.0,0
1122,2019-06-15 16:30:00,458.0,4.2,0
1123,2019-06-15 16:45:00,463.0,4.1,0
1124,2019-06-15 17:00:00,463.0,4.0,0
1125,2019-06-15 17:15:00,463.0,4.2,0
1126,2019-06-15 17:30:00,463.0,4.1,0
1127,2019-06-15 17:45:00,463.0,4.3,0
1128,2019-06-15 18:00:00,463.0,4.2,0
1129,2019-06-15 18:15:00,463.0,4.4,0
1130,2019-06-15 18:30:00,463.0,4.4,0
1131,2019-06-15 18:45:00,463.0,4.2,0
1132,2019-06-15 19:00:00,463.0,4.2,0
1133,2019-06-15 19:15:00,463.0,4.4,0
1134,2019-06-15 19:30:00,468.0,4.2,0
1135,2019-06-15 19:45:00,468.0,4.4,0
1136,2019-06-15 20:00:00,468.0,4.3,0
1137,2019-06-15 20:15:00,463.0,4.6,0
1138,2019-06-15 20:30:00,463.0,4.7,0
1139,2019-06-15 20:45:00,463.0,4.8,0
1140,2019-06-15 21:00:00,463.0,4.7,0
1141,2019-06-15 21:15:00,463.0,4.7,0
1142,2019-06-15 21:30:00,463.0,4.6,0
1143,2019-06-15 21:45:00,463.0,4.5,0
1144,2019-06-15 22:00:00,463.0,4.7,0
1145,2019-06-15 22:15:00,463.0,4.4,0
1146,2019-06-15 22:30:00,463.0,4.8,0
1147,2019-06-15 22:45:00,463.0,4.6,0
1148,2019-06-15 23:00:00,463.0,4.7,0
1149,2019-06-15 23:15:00,463.0,4.6,0
1150,2019-06-15 23:30:00,468.0,4.6,0
1151,2019-06-15 23:45:00,468.0,4.7,0
1152,2019-06-16 00:00:00,468.0,4.6,0
1153,2019-06-16 00:15:00,468.0,4.6,0
1154,2019-06-16 00:30:00,468.0,4.6,0
1155,2019-06-16 00:45:00,468.0,4.6,0
1156,2019-06-16 01:00:00,468.0,4.6,0
1157,2019-06-16 01:15:00,468.0,4.6,0
1158,2019-06-16 01:30:00,468.0,4.6,0
1159,2019-06-16 01:45:00,468.0,4.5,0
1160,2019-06-16 02:00:00,468.0,4.6,0
1161,2019-06-16 02:15:00,468.0,4.6,0
1162,2019-06-16 02:30:00,468.0,4.5,0
1163,2019-06-16 02:45:00,468.0,4.7,0
1164,2019-06-16 03:00:00,468.0,4.4,0
1165,2019-06-16 03:15:00,468.0,4.4,0
1166,2019-06-16 03:30:00,468.0,4.5,0
1167,2019-06-16 03:45:00,468.0,4.7,0
1168,2019-06-16 04:00:00,468.0,4.8,0
1169,2019-06-16 04:15:00,468.0,4.7,0
1170,2019-06-16 04:30:00,468.0,4.7,0
1171,2019-06-16 04:45:00,468.0,4.7,0
1172,2019-06-16 05:00:00,468.0,4.8,0
1173,2019-06-16 05:15:00,468.0,4.7,0
1174,2019-06-16 05:30:00,468.0,4.7,0
1175,2019-06-16 05:45:00,468.0,4.5,0
1176,2019-06-16 06:00:00,468.0,4.5,0
1177,2019-06-16 06:15:00,468.0,4.5,0
1178,2019-06-16 06:30:00,468.0,4.4,0
1179,2019-06-16 06:45:00,472.0,4.4,0
1180,2019-06-16 07:00:00,472.0,4.4,0
1181,2019-06-16 07:15:00,472.0,4.1,0
1182,2019-06-16 07:30:00,472.0,4.5,0
1183,2019-06-16 07:45:00,472.0,4.2,0
1184,2019-06-16 08:00:00,472.0,4.0,0
1185,2019-06-16 08:15:00,472.0,4.1,0
1186,2019-06-16 08:30:00,472.0,4.0,0
1187,2019-06-16 08:45:00,472.0,3.8,0
1188,2019-06-16 09:00:00,477.0,4.0,0
1189,2019-06-16 09:15:00,477.0,3.8,0
1190,2019-06-16 09:30:00,477.0,3.9,0
1191,2019-06-16 09:45:00,477.0,3.8,0
1192,2019-06-16 10:00:00,477.0,4.1,0
1193,2019-06-16 10:15:00,482.0,4.1,0
1194,2019-06-16 10:30:00,482.0,4.1,0
1195,2019-06-16 10:45:00,487.0,4.1,0
1196,2019-06-16 11:00:00,487.0,4.1,0
1197,2019-06-16 11:15:00,487.0,4.1,0
1198,2019-06-16 11:30:00,491.0,4.3,0
1199,2019-06-16 11:45:00,491.0,4.3,0
1200,2019-06-16 12:00:00,496.0,4.3,0
1201,2019-06-16 12:15:00,496.0,4.3,0
1202,2019-06-16 12:30:00,501.0,4.2,0
1203,2019-06-16 12:45:00,501.0,4.3,0
1204,2019-06-16 13:00:00,506.0,4.2,0
1205,2019-06-16 13:15:00,511.0,4.4,0
1206,2019-06-16 13:30:00,511.0,4.3,0
1207,2019-06-16 13:45:00,516.0,4.2,0
1208,2019-06-16 14:00:00,521.0,4.4,0
1209,2019-06-16 14:15:00,526.0,4.6,0
1210,2019-06-16 14:30:00,531.0,4.5,0
1211,2019-06-16 14:45:00,536.0,4.5,0
1212,2019-06-16 15:00:00,536.0,4.6,0
1213,2019-06-16 15:15:00,541.0,4.5,0
1214,2019-06-16 15:30:00,541.0,4.5,0
1215,2019-06-16 15:45:00,541.0,4.5,0
1216,2019-06-16 16:00:00,541.0,4.4,0
1217,2019-06-16 16:15:00,541.0,4.5,0
1218,2019-06-16 16:30:00,536.0,4.7,0
1219,2019-06-16 16:45:00,536.0,4.4,0
1220,2019-06-16 17:00:00,536.0,4.6,0
1221,2019-06-16 17:15:00,531.0,4.4,0
1222,2019-06-16 17:30:00,531.0,4.6,0
1223,2019-06-16 17:45:00,531.0,4.9,0
1224,2019-06-16 18:00:00,531.0,4.9,0
1225,2019-06-16 18:15:00,531.0,4.9,0
1226,2019-06-16 18:30:00,531.0,4.8,0
1227,2019-06-16 18:45:00,531.0,5.0,0
1228,2019-06-16 19:00:00,526.0,5.1,0
1229,2019-06-16 19:15:00,526.0,5.0,0
1230,2019-06-16 19:30:00,526.0,5.3,0
1231,2019-06-16 19:45:00,526.0,5.3,0
1232,2019-06-16 20:00:00,521.0,5.5,0
1233,2019-06-16 20:15:00,521.0,5.4,0
1234,2019-06-16 20:30:00,521.0,5.6,0
1235,2019-06-16 20:45:00,521.0,5.6,0
1236,2019-06-16 21:00:00,521.0,5.7,0
1237,2019-06-16 21:15:00,521.0,5.5,0
1238,2019-06-16 21:30:00,516.0,5.7,0
1239,2019-06-16 21:45:00,516.0,5.9,0
1240,2019-06-16 22:00:00,516.0,6.0,0
1241,2019-06-16 22:15:00,516.0,5.6,0
1242,2019-06-16 22:30:00,516.0,5.7,0
1243,2019-06-16 22:45:00,511.0,5.9,0
1244,2019-06-16 23:00:00,511.0,6.1,0
1245,2019-06-16 23:15:00,511.0,6.2,0
1246,2019-06-16 23:30:00,511.0,5.8,0
1247,2019-06-16 23:45:00,511.0,5.7,0
1248,2019-06-17 00:00:00,511.0,5.7,0
1249,2019-06-17 00:15:00,511.0,5.8,0
1250,2019-06-17 00:30:00,511.0,5.5,0
1251,2019-06-17 00:45:00,511.0,5.7,0
1252,2019-06-17 01:00:00,511.0,5.9,0
1253,2019-06-17 01:15:00,506.0,5.8,0
1254,2019-06-17 01:30:00,506.0,5.9,0
1255,2019-06-17 01:45:00,506.0,6.1,0
1256,2019-06-17 02:00:00,506.0,5.8,0
1257,2019-06-17 02:15:00,506.0,5.7,0
1258,2019-06-17 02:30:00,506.0,5.7,0
1259,2019-06-17 02:45:00,506.0,5.9,0
1260,2019-06-17 03:00:00,506.0,6.0,0
1261,2019-06-17 03:15:00,506.0,5.7,0
1262,2019-06-17 03:30:00,506.0,5.8,0
1263,2019-06-17 03:45:00,506.0,5.8,0
1264,2019-06-17 04:00:00,501.0,5.8,0
1265,2019-06-17 04:15:00,501.0,5.9,0
1266,2019-06-17 04:30:00,501.0,5.8,0
1267,2019-06-17 04:45:00,501.0,5.8,0
1268,2019-06-17 05:00:00,501.0,5.7,0
1269,2019-06-17 05:15:00,501.0,5.7,0
1270,2019-06-17 05:30:00,501.0,5.5,0
1271,2019-06-17 05:45:00,501.0,5.6,0
1272,2019-06-17 06:00:00,501.0,5.7,0
1273,2019-06-17 06:15:00,501.0,5.8,0
1274,2019-06-17 06:30:00,501.0,5.5,0
1275,2019-06-17 06:45:00,501.0,5.2,0
1276,2019-06-17 07:00:00,496.0,5.2,0
1277,2019-06-17 07:15:00,496.0,5.0,0
1278,2019-06-17 07:30:00,496.0,4.9,0
1279,2019-06-17 07:45:00,496.0,4.8,0
1280,2019-06-17 08:00:00,496.0,5.1,0
1281,2019-06-17 08:15:00,496.0,4.8,0
1282,2019-06-17 08:30:00,496.0,4.9,0
1283,2019-06-17 08:45:00,496.0,4.6,0
1284,2019-06-17 09:00:00,491.0,4.5,0
1285,2019-06-17 09:15:00,491.0,4.6,0
1286,2019-06-17 09:30:00,491.0,4.6,0
1287,2019-06-17 09:45:00,491.0,4.6,0
1288,2019-06-17 10:00:00,491.0,4.5,0
1289,2019-06-17 10:15:00,491.0,4.3,0
1290,2019-06-17 10:30:00,491.0,4.4,0
1291,2019-06-17 10:45:00,491.0,4.5,0
1292,2019-06-17 11:00:00,491.0,4.3,0
1293,2019-06-17 11:15:00,491.0,4.4,0
1294,2019-06-17 11:30:00,491.0,4.4,0
1295,2019-06-17 11:45:00,487.0,4.3,0
1296,2019-06-17 12:00:00,487.0,4.2,0
1297,2019-06-17 12:15:00,487.0,4.2,0
1298,2019-06-17 12:30:00,487.0,4.2,0
1299,2019-06-17 12:45:00,487.0,4.2,0
1300,2019-06-17 13:00:00,487.0,4.1,0
1301,2019-06-17 13:15:00,487.0,4.2,0
1302,2019-06-17 13:30:00,487.0,4.0,0
1303,2019-06-17 13:45:00,482.0,4.1,0
1304,2019-06-17 14:00:00,482.0,4.0,0
1305,2019-06-17 14:15:00,482.0,4.2,0
1306,2019-06-17 14:30:00,482.0,4.0,0
1307,2019-06-17 14:45:00,482.0,4.3,0
1308,2019-06-17 15:00:00,482.0,4.0,0
1309,2019-06-17 15:15:00,482.0,4.1,0
1310,2019-06-17 15:30:00,482.0,4.1,0
1311,2019-06-17 15:45:00,477.0,4.0,0
1312,2019-06-17 16:00:00,477.0,4.1,0
1313,2019-06-17 16:15:00,477.0,4.2,0
1314,2019-06-17 16:30:00,477.0,4.1,0
1315,2019-06-17 16:45:00,477.0,4.2,0
1316,2019-06-17 17:00:00,477.0,4.0,0
1317,2019-06-17 17:15:00,477.0,4.2,0
1318,2019-06-17 17:30:00,477.0,4.1,0
1319,2019-06-17 17:45:00,477.0,4.3,0
1320,2019-06-17 18:00:00,477.0,4.1,0
1321,2019-06-17 18:15:00,477.0,4.0,0
1322,2019-06-17 18:30:00,477.0,4.2,0
1323,2019-06-17 18:45:00,472.0,4.1,0
1324,2019-06-17 19:00:00,472.0,4.1,0
1325,2019-06-17 19:15:00,472.0,4.2,0
1326,2019-06-17 19:30:00,472.0,4.4,0
1327,2019-06-17 19:45:00,472.0,4.5,0
1328,2019-06-17 20:00:00,468.0,4.6,0
1329,2019-06-17 20:15:00,468.0,4.6,0
1330,2019-06-17 20:30:00,468.0,4.8,0
1331,2019-06-17 20:45:00,468.0,4.8,0
1332,2019-06-17 21:00:00,468.0,4.7,0
1333,2019-06-17 21:15:00,463.0,4.7,0
1334,2019-06-17 21:30:00,463.0,4.7,0
1335,2019-06-17 21:45:00,463.0,4.6,0
1336,2019-06-17 22:00:00,463.0,4.9,0
1337,2019-06-17 22:15:00,463.0,4.8,0
1338,2019-06-17 22:30:00,463.0,4.8,0
1339,2019-06-17 22:45:00,463.0,4.7,0
1340,2019-06-17 23:00:00,463.0,4.8,0
1341,2019-06-17 23:15:00,463.0,4.7,0
1342,2019-06-17 23:30:00,463.0,4.9,0
1343,2019-06-17 23:45:00,463.0,4.9,0
1344,2019-06-18 00:00:00,463.0,5.0,0
1345,2019-06-18 00:15:00,463.0,5.0,0
1346,2019-06-18 00:30:00,463.0,5.2,0
1347,2019-06-18 00:45:00,463.0,5.0,0
1348,2019-06-18 01:00:00,463.0,4.9,0
1349,2019-06-18 01:15:00,463.0,5.0,0
1350,2019-06-18 01:30:00,463.0,4.8,0
1351,2019-06-18 01:45:00,463.0,5.1,0
1352,2019-06-18 02:00:00,463.0,4.9,0
1353,2019-06-18 02:15:00,463.0,5.2,0
1354,2019-06-18 02:30:00,463.0,5.0,0
1355,2019-06-18 02:45:00,463.0,5.1,0
1356,2019-06-18 03:00:00,463.0,5.1,0
1357,2019-06-18 03:15:00,463.0,5.1,0
1358,2019-06-18 03:30:00,463.0,5.0,0
1359,2019-06-18 03:45:00,463.0,5.0,0
1360,2019-06-18 04:00:00,463.0,5.1,0
1361,2019-06-18 04:15:00,463.0,5.2,0
1362,2019-06-18 04:30:00,463.0,5.1,0
1363,2019-06-18 04:45:00,463.0,5.0,0
1364,2019-06-18 05:00:00,468.0,5.1,0
1365,2019-06-18 05:15:00,468.0,5.1,0
1366,2019-06-18 05:30:00,468.0,5.2,0
1367,2019-06-18 05:45:00,468.0,5.1,0
1368,2019-06-18 06:00:00,468.0,4.9,0
1369,2019-06-18 06:15:00,468.0,4.7,0
1370,2019-06-18 06:30:00,468.0,4.9,0
1371,2019-06-18 06:45:00,468.0,4.8,0
1372,2019-06-18 07:00:00,468.0,4.8,0
1373,2019-06-18 07:15:00,468.0,4.4,0
1374,2019-06-18 07:30:00,468.0,4.7,0
1375,2019-06-18 07:45:00,468.0,4.4,0
1376,2019-06-18 08:00:00,468.0,4.4,0
1377,2019-06-18 08:15:00,468.0,4.3,0
1378,2019-06-18 08:30:00,468.0,4.3,0
1379,2019-06-18 08:45:00,472.0,4.2,0
1380,2019-06-18 09:00:00,472.0,4.3,0
1381,2019-06-18 09:15:00,472.0,4.2,0
1382,2019-06-18 09:30:00,472.0,4.2,0
1383,2019-06-18 09:45:00,472.0,4.0,0
1384,2019-06-18 10:00:00,472.0,3.9,0
1385,2019-06-18 10:15:00,472.0,4.0,0
1386,2019-06-18 10:30:00,472.0,3.9,0
1387,2019-06-18 10:45:00,472.0,3.8,0
1388,2019-06-18 11:00:00,472.0,3.8,0
1389,2019-06-18 11:15:00,472.0,3.8,0
1390,2019-06-18 11:30:00,472.0,3.7,0
1391,2019-06-18 11:45:00,472.0,3.7,0
1392,2019-06-18 12:00:00,472.0,3.8,0
1393,2019-06-18 12:15:00,472.0,3.8,0
1394,2019-06-18 12:30:00,472.0,3.8,0
1395,2019-06-18 12:45:00,472.0,3.8,0
1396,2019-06-18 13:00:00,472.0,3.7,0
1397,2019-06-18 13:15:00,472.0,3.7,0
1398,2019-06-18 13:30:00,472.0,3.8,0
1399,2019-06-18 13:45:00,472.0,3.8,0
1400,2019-06-18 14:00:00,472.0,3.7,0
1401,2019-06-18 14:15:00,472.0,3.9,0
1402,2019-06-18 14:30:00,472.0,3.9,0
1403,2019-06-18 14:45:00,472.0,3.8,0
1404,2019-06-18 15:00:00,472.0,3.8,0
1405,2019-06-18 15:15:00,468.0,3.9,0
1406,2019-06-18 15:30:00,468.0,3.8,0
1407,2019-06-18 15:45:00,468.0,3.9,0
1408,2019-06-18 16:00:00,468.0,4.0,0
1409,2019-06-18 16:15:00,468.0,4.0,0
1410,2019-06-18 16:30:00,468.0,3.8,0
1411,2019-06-18 16:45:00,468.0,4.0,0
1412,2019-06-18 17:00:00,468.0,4.1,0
1413,2019-06-18 17:15:00,468.0,4.1,0
1414,2019-06-18 17:30:00,468.0,4.0,0
1415,2019-06-18 17:45:00,468.0,4.1,0
1416,2019-06-18 18:00:00,468.0,4.2,0
1417,2019-06-18 18:15:00,468.0,4.2,0
1418,2019-06-18 18:30:00,468.0,4.4,0
1419,2019-06-18 18:45:00,463.0,4.2,0
1420,2019-06-18 19:00:00,463.0,4.3,0
1421,2019-06-18 19:15:00,463.0,4.2,0
1422,2019-06-18 19:30:00,463.0,4.3,0
1423,2019-06-18 19:45:00,463.0,4.5,0
1424,2019-06-18 20:00:00,463.0,4.4,0
1425,2019-06-18 20:15:00,463.0,4.8,0
1426,2019-06-18 20:30:00,463.0,4.7,0
1427,2019-06-18 20:45:00,463.0,4.9,0
1428,2019-06-18 21:00:00,463.0,4.7,0
1429,2019-06-18 21:15:00,463.0,5.0,0
1430,2019-06-18 21:30:00,463.0,4.9,0
1431,2019-06-18 21:45:00,463.0,4.9,0
1432,2019-06-18 22:00:00,463.0,4.7,0
1433,2019-06-18 22:15:00,463.0,5.0,0
1434,2019-06-18 22:30:00,463.0,5.1,0
1435,2019-06-18 22:45:00,463.0,4.9,0
1436,2019-06-18 23:00:00,463.0,5.0,0
1437,2019-06-18 23:15:00,463.0,4.8,0
1438,2019-06-18 23:30:00,463.0,4.8,0
1439,2019-06-18 23:45:00,463.0,4.9,0
1440,2019-06-19 00:00:00,463.0,5.0,0
1441,2019-06-19 00:15:00,463.0,5.0,0
1442,2019-06-19 00:30:00,463.0,5.1,0
1443,2019-06-19 00:45:00,463.0,5.1,0
1444,2019-06-19 01:00:00,463.0,5.0,0
1445,2019-06-19 01:15:00,463.0,5.1,0
1446,2019-06-19 01:30:00,463.0,5.1,0
1447,2019-06-19 01:45:00,463.0,6.0,0
1448,2019-06-19 02:00:00,463.0,5.5,0
1449,2019-06-19 02:15:00,463.0,5.4,0
1450,2019-06-19 02:30:00,463.0,5.2,0
1451,2019-06-19 02:45:00,463.0,5.2,0
1452,2019-06-19 03:00:00,463.0,5.3,0
1453,2019-06-19 03:15:00,463.0,5.4,0
1454,2019-06-19 03:30:00,463.0,5.3,0
1455,2019-06-19 03:45:00,463.0,5.4,0
1456,2019-06-19 04:00:00,463.0,5.5,0
1457,2019-06-19 04:15:00,463.0,5.7,0
1458,2019-06-19 04:30:00,463.0,5.5,0
1459,2019-06-19 04:45:00,463.0,5.6,0
1460,2019-06-19 05:00:00,463.0,5.7,0
1461,2019-06-19 05:15:00,463.0,5.6,0
1462,2019-06-19 05:30:00,463.0,5.4,0
1463,2019-06-19 05:45:00,463.0,5.4,0
1464,2019-06-19 06:00:00,463.0,5.1,0
1465,2019-06-19 06:15:00,458.0,5.4,0
1466,2019-06-19 06:30:00,458.0,5.1,0
1467,2019-06-19 06:45:00,463.0,5.2,0
1468,2019-06-19 07:00:00,463.0,5.0,0
1469,2019-06-19 07:15:00,458.0,4.9,0
1470,2019-06-19 07:30:00,458.0,5.0,0
1471,2019-06-19 07:45:00,458.0,5.0,0
1472,2019-06-19 08:00:00,458.0,4.9,0
1473,2019-06-19 08:15:00,458.0,4.8,0
1474,2019-06-19 08:30:00,458.0,4.9,0
1475,2019-06-19 08:45:00,458.0,4.6,0
1476,2019-06-19 09:00:00,458.0,4.6,0
1477,2019-06-19 09:15:00,458.0,4.6,0
1478,2019-06-19 09:30:00,458.0,4.3,0
1479,2019-06-19 09:45:00,454.0,4.4,0
1480,2019-06-19 10:00:00,454.0,4.3,0
1481,2019-06-19 10:15:00,454.0,4.2,0
1482,2019-06-19 10:30:00,454.0,4.2,0
1483,2019-06-19 10:45:00,449.0,4.3,0
1484,2019-06-19 11:00:00,445.0,4.1,0
1485,2019-06-19 11:15:00,445.0,4.1,0
1486,2019-06-19 11:30:00,440.0,3.9,0
1487,2019-06-19 11:45:00,440.0,4.2,0
1488,2019-06-19 12:00:00,440.0,4.2,0
1489,2019-06-19 12:15:00,436.0,4.0,0
1490,2019-06-19 12:30:00,436.0,4.1,0
1491,2019-06-19 12:45:00,436.0,4.0,0
1492,2019-06-19 13:00:00,431.0,4.1,0
1493,2019-06-19 13:15:00,431.0,4.0,0
1494,2019-06-19 13:30:00,431.0,4.0,0
1495,2019-06-19 13:45:00,431.0,3.9,0
1496,2019-06-19 14:00:00,431.0,4.1,0
1497,2019-06-19 14:15:00,431.0,4.0,0
1498,2019-06-19 14:30:00,431.0,4.0,0
1499,2019-06-19 14:45:00,431.0,3.9,0
1500,2019-06-19 15:00:00,431.0,4.1,0
1501,2019-06-19 15:15:00,431.0,3.9,0
1502,2019-06-19 15:30:00,431.0,3.9,0
1503,2019-06-19 15:45:00,431.0,3.9,0
1504,2019-06-19 16:00:00,431.0,4.0,0
1505,2019-06-19 16:15:00,431.0,4.0,0
1506,2019-06-19 16:30:00,431.0,4.1,0
1507,2019-06-19 16:45:00,431.0,4.1,0
1508,2019-06-19 17:00:00,431.0,3.9,0
1509,2019-06-19 17:15:00,431.0,4.1,0
1510,2019-06-19 17:30:00,431.0,4.0,0
1511,2019-06-19 17:45:00,431.0,4.2,0
1512,2019-06-19 18:00:00,431.0,4.2,0
1513,2019-06-19 18:15:00,431.0,4.2,0
1514,2019-06-19 18:30:00,431.0,4.1,0
1515,2019-06-19 18:45:00,431.0,4.1,0
1516,2019-06-19 19:00:00,431.0,4.2,0
1517,2019-06-19 19:15:00,431.0,4.2,0
1518,2019-06-19 19:30:00,431.0,4.3,0
1519,2019-06-19 19:45:00,431.0,4.2,0
1520,2019-06-19 20:00:00,431.0,4.6,0
1521,2019-06-19 20:15:00,431.0,4.6,0
1522,2019-06-19 20:30:00,431.0,4.8,0
1523,2019-06-19 20:45:00,431.0,4.7,0
1524,2019-06-19 21:00:00,431.0,4.6,0
1525,2019-06-19 21:15:00,431.0,4.6,0
1526,2019-06-19 21:30:00,431.0,4.6,0
1527,2019-06-19 21:45:00,431.0,4.6,0
1528,2019-06-19 22:00:00,431.0,4.7,0
1529,2019-06-19 22:15:00,431.0,4.6,0
1530,2019-06-19 22:30:00,431.0,4.8,0
1531,2019-06-19 22:45:00,431.0,4.7,0
1532,2019-06-19 23:00:00,431.0,4.8,0
1533,2019-06-19 23:15:00,431.0,4.8,0
1534,2019-06-19 23:30:00,431.0,4.8,0
1535,2019-06-19 23:45:00,431.0,4.7,0
1536,2019-06-20 00:00:00,431.0,4.8,0
1537,2019-06-20 00:15:00,431.0,4.8,0
1538,2019-06-20 00:30:00,431.0,5.0,0
1539,2019-06-20 00:45:00,431.0,5.0,0
1540,2019-06-20 01:00:00,431.0,5.0,0
1541,2019-06-20 01:15:00,431.0,4.9,0
1542,2019-06-20 01:30:00,431.0,5.0,0
1543,2019-06-20 01:45:00,431.0,5.1,0
1544,2019-06-20 02:00:00,436.0,5.1,0
1545,2019-06-20 02:15:00,431.0,4.9,0
1546,2019-06-20 02:30:00,431.0,5.0,0
1547,2019-06-20 02:45:00,431.0,5.1,0
1548,2019-06-20 03:00:00,431.0,5.2,0
1549,2019-06-20 03:15:00,431.0,4.9,0
1550,2019-06-20 03:30:00,436.0,5.3,0
1551,2019-06-20 03:45:00,436.0,5.1,0
1552,2019-06-20 04:00:00,431.0,5.1,0
1553,2019-06-20 04:15:00,431.0,5.1,0
1554,2019-06-20 04:30:00,431.0,5.1,0
1555,2019-06-20 04:45:00,431.0,5.0,0
1556,2019-06-20 05:00:00,436.0,5.3,0
1557,2019-06-20 05:15:00,436.0,4.8,0
1558,2019-06-20 05:30:00,436.0,4.8,0
1559,2019-06-20 05:45:00,436.0,4.7,0
1560,2019-06-20 06:00:00,436.0,5.0,0
1561,2019-06-20 06:15:00,436.0,4.8,0
1562,2019-06-20 06:30:00,436.0,4.7,0
1563,2019-06-20 06:45:00,436.0,4.7,0
1564,2019-06-20 07:00:00,436.0,4.5,0
1565,2019-06-20 07:15:00,436.0,4.5,0
1566,2019-06-20 07:30:00,436.0,4.4,0
1567,2019-06-20 07:45:00,436.0,4.5,0
1568,2019-06-20 08:00:00,436.0,4.4,0
1569,2019-06-20 08:15:00,436.0,4.3,0
1570,2019-06-20 08:30:00,436.0,4.1,0
1571,2019-06-20 08:45:00,436.0,4.0,0
1572,2019-06-20 09:00:00,436.0,3.9,0
1573,2019-06-20 09:15:00,436.0,4.0,0
1574,2019-06-20 09:30:00,436.0,3.9,0
1575,2019-06-20 09:45:00,436.0,3.8,0
1576,2019-06-20 10:00:00,436.0,3.7,0
1577,2019-06-20 10:15:00,436.0,3.8,2
1578,2019-06-20 10:30:00,440.0,3.7,2
1579,2019-06-20 10:45:00,449.0,3.7,2
1580,2019-06-20 11:00:00,454.0,3.6,2
1581,2019-06-20 11:15:00,454.0,3.6,2
1582,2019-06-20 11:30:00,454.0,3.4,2
1583,2019-06-20 11:45:00,463.0,3.5,2
1584,2019-06-20 12:00:00,472.0,3.5,2
1585,2019-06-20 12:15:00,487.0,3.5,2
1586,2019-06-20 12:30:00,506.0,3.5,2
1587,2019-06-20 12:45:00,521.0,3.4,2
1588,2019-06-20 13:00:00,541.0,3.5,2
1589,2019-06-20 13:15:00,557.0,3.7,2
1590,2019-06-20 13:30:00,568.0,3.5,2
1591,2019-06-20 13:45:00,584.0,3.6,2
1592,2019-06-20 14:00:00,595.0,3.5,2
1593,2019-06-20 14:15:00,595.0,3.6,2
1594,2019-06-20 14:30:00,584.0,3.6,2
1595,2019-06-20 14:45:00,669.0,3.6,2
1596,2019-06-20 15:00:00,693.0,3.6,2
1597,2019-06-20 15:15:00,693.0,3.8,2
1598,2019-06-20 15:30:00,687.0,3.8,2
1599,2019-06-20 15:45:00,687.0,3.6,2
1600,2019-06-20 16:00:00,699.0,3.8,2
1601,2019-06-20 16:15:00,717.0,3.7,2
1602,2019-06-20 16:30:00,724.0,3.8,2
1603,2019-06-20 16:45:00,717.0,3.8,2
1604,2019-06-20 17:00:00,705.0,4.0,2
1605,2019-06-20 17:15:00,699.0,4.0,2
1606,2019-06-20 17:30:00,693.0,4.1,2
1607,2019-06-20 17:45:00,693.0,4.3,2
1608,2019-06-20 18:00:00,717.0,4.2,2
1609,2019-06-20 18:15:00,749.0,4.6,2
1610,2019-06-20 18:30:00,762.0,4.7,2
1611,2019-06-20 18:45:00,762.0,5.2,2
1612,2019-06-20 19:00:00,762.0,6.5,2
1613,2019-06-20 19:15:00,755.0,8.1,2
1614,2019-06-20 19:30:00,749.0,9.4,2
1615,2019-06-20 19:45:00,743.0,10.0,2
1616,2019-06-20 20:00:00,736.0,11.9,2
1617,2019-06-20 20:15:00,730.0,13.3,2
1618,2019-06-20 20:30:00,724.0,13.9,2
1619,2019-06-20 20:45:00,717.0,15.0,2
1620,2019-06-20 21:00:00,705.0,17.3,2
1621,2019-06-20 21:15:00,705.0,18.8,2
1622,2019-06-20 21:30:00,699.0,21.7,2
1623,2019-06-20 21:45:00,693.0,27.0,2
1624,2019-06-20 22:00:00,687.0,33.2,2
1625,2019-06-20 22:15:00,687.0,31.4,2
1626,2019-06-20 22:30:00,681.0,27.1,2
1627,2019-06-20 22:45:00,681.0,24.1,2
1628,2019-06-20 23:00:00,675.0,22.9,2
1629,2019-06-20 23:15:00,669.0,23.8,2
1630,2019-06-20 23:30:00,669.0,24.1,2
1631,2019-06-20 23:45:00,663.0,24.8,2
1632,2019-06-21 00:00:00,663.0,23.8,2
1633,2019-06-21 00:15:00,657.0,23.0,2
1634,2019-06-21 00:30:00,657.0,22.4,2
1635,2019-06-21 00:45:00,657.0,21.1,2
1636,2019-06-21 01:00:00,657.0,19.8,2
1637,2019-06-21 01:15:00,657.0,19.2,2
1638,2019-06-21 01:30:00,657.0,17.9,2
1639,2019-06-21 01:45:00,657.0,17.0,2
1640,2019-06-21 02:00:00,657.0,16.7,2
1641,2019-06-21 02:15:00,657.0,16.2,2
1642,2019-06-21 02:30:00,663.0,15.7,2
1643,2019-06-21 02:45:00,663.0,15.8,2
1644,2019-06-21 03:00:00,669.0,15.3,2
1645,2019-06-21 03:15:00,669.0,15.2,2
1646,2019-06-21 03:30:00,669.0,15.0,2
1647,2019-06-21 03:45:00,669.0,15.6,2
1648,2019-06-21 04:00:00,669.0,14.3,2
1649,2019-06-21 04:15:00,675.0,15.0,2
1650,2019-06-21 04:30:00,675.0,15.2,2
1651,2019-06-21 04:45:00,681.0,14.9,2
1652,2019-06-21 05:00:00,681.0,15.3,2
1653,2019-06-21 05:15:00,687.0,16.2,2
1654,2019-06-21 05:30:00,687.0,15.8,2
1655,2019-06-21 05:45:00,687.0,15.6,2
1656,2019-06-21 06:00:00,693.0,15.5,2
1657,2019-06-21 06:15:00,693.0,14.8,2
1658,2019-06-21 06:30:00,693.0,14.4,2
1659,2019-06-21 06:45:00,693.0,13.6,2
1660,2019-06-21 07:00:00,693.0,12.8,2
1661,2019-06-21 07:15:00,699.0,12.4,2
1662,2019-06-21 07:30:00,699.0,11.7,2
1663,2019-06-21 07:45:00,699.0,11.6,2
1664,2019-06-21 08:00:00,693.0,11.3,2
1665,2019-06-21 08:15:00,693.0,11.2,2
1666,2019-06-21 08:30:00,699.0,10.9,2
1667,2019-06-21 08:45:00,699.0,10.8,2
1668,2019-06-21 09:00:00,693.0,10.5,2
1669,2019-06-21 09:15:00,693.0,10.0,2
1670,2019-06-21 09:30:00,693.0,9.6,2
1671,2019-06-21 09:45:00,693.0,9.3,2
1672,2019-06-21 10:00:00,693.0,9.0,2
1673,2019-06-21 10:15:00,687.0,9.1,2
1674,2019-06-21 10:30:00,681.0,8.7,2
1675,2019-06-21 10:45:00,681.0,8.6,2
1676,2019-06-21 11:00:00,675.0,8.6,2
1677,2019-06-21 11:15:00,669.0,8.8,2
1678,2019-06-21 11:30:00,663.0,8.5,2
1679,2019-06-21 11:45:00,657.0,8.5,2
1680,2019-06-21 12:00:00,651.0,8.1,2
1681,2019-06-21 12:15:00,645.0,8.4,2
1682,2019-06-21 12:30:00,634.0,8.2,2
1683,2019-06-21 12:45:00,628.0,8.4,2
1684,2019-06-21 13:00:00,622.0,8.4,2
1685,2019-06-21 13:15:00,617.0,8.1,2
1686,2019-06-21 13:30:00,611.0,8.6,2
1687,2019-06-21 13:45:00,606.0,8.3,2
1688,2019-06-21 14:00:00,606.0,8.1,2
1689,2019-06-21 14:15:00,600.0,7.8,2
1690,2019-06-21 14:30:00,606.0,8.4,2
1691,2019-06-21 14:45:00,606.0,7.9,2
1692,2019-06-21 15:00:00,595.0,8.0,2
1693,2019-06-21 15:15:00,589.0,7.9,2
1694,2019-06-21 15:30:00,589.0,7.6,2
1695,2019-06-21 15:45:00,589.0,7.8,2
1696,2019-06-21 16:00:00,584.0,7.5,2
1697,2019-06-21 16:15:00,584.0,7.4,2
1698,2019-06-21 16:30:00,578.0,7.7,2
1699,2019-06-21 16:45:00,578.0,7.3,2
1700,2019-06-21 17:00:00,578.0,7.4,2
1701,2019-06-21 17:15:00,573.0,7.4,2
1702,2019-06-21 17:30:00,573.0,7.7,2
1703,2019-06-21 17:45:00,573.0,7.4,2
1704,2019-06-21 18:00:00,573.0,7.1,2
1705,2019-06-21 18:15:00,568.0,7.2,2
1706,2019-06-21 18:30:00,568.0,7.4,2
1707,2019-06-21 18:45:00,568.0,7.2,2
1708,2019-06-21 19:00:00,562.0,7.2,2
1709,2019-06-21 19:15:00,562.0,7.0,2
1710,2019-06-21 19:30:00,562.0,6.9,2
1711,2019-06-21 19:45:00,562.0,6.9,2
1712,2019-06-21 20:00:00,562.0,6.9,2
1713,2019-06-21 20:15:00,562.0,7.3,2
1714,2019-06-21 20:30:00,562.0,7.2,2
1715,2019-06-21 20:45:00,562.0,7.2,2
1716,2019-06-21 21:00:00,557.0,7.2,2
1717,2019-06-21 21:15:00,557.0,7.3,2
1718,2019-06-21 21:30:00,557.0,7.6,2
1719,2019-06-21 21:45:00,557.0,7.4,2
1720,2019-06-21 22:00:00,557.0,7.3,2
1721,2019-06-21 22:15:00,557.0,7.1,2
1722,2019-06-21 22:30:00,552.0,7.2,2
1723,2019-06-21 22:45:00,552.0,7.3,2
1724,2019-06-21 23:00:00,552.0,6.9,2
1725,2019-06-21 23:15:00,552.0,7.0,2
1726,2019-06-21 23:30:00,552.0,7.0,2
1727,2019-06-21 23:45:00,552.0,7.0,2
1728,2019-06-22 00:00:00,552.0,7.0,2
1729,2019-06-22 00:15:00,552.0,7.2,2
1730,2019-06-22 00:30:00,552.0,7.0,2
1731,2019-06-22 00:45:00,547.0,7.0,2
1732,2019-06-22 01:00:00,547.0,6.8,2
1733,2019-06-22 01:15:00,547.0,6.8,2
1734,2019-06-22 01:30:00,547.0,7.0,2
1735,2019-06-22 01:45:00,547.0,6.9,2
1736,2019-06-22 02:00:00,547.0,6.8,2
1737,2019-06-22 02:15:00,547.0,7.1,2
1738,2019-06-22 02:30:00,547.0,6.8,2
1739,2019-06-22 02:45:00,541.0,6.9,2
1740,2019-06-22 03:00:00,541.0,6.7,2
1741,2019-06-22 03:15:00,541.0,6.9,2
1742,2019-06-22 03:30:00,541.0,6.6,2
1743,2019-06-22 03:45:00,541.0,7.2,2
1744,2019-06-22 04:00:00,541.0,6.8,2
1745,2019-06-22 04:15:00,541.0,6.6,2
1746,2019-06-22 04:30:00,541.0,6.6,2
1747,2019-06-22 04:45:00,541.0,6.5,2
1748,2019-06-22 05:00:00,541.0,6.4,2
1749,2019-06-22 05:15:00,541.0,6.2,2
1750,2019-06-22 05:30:00,541.0,6.4,2
1751,2019-06-22 05:45:00,541.0,6.6,2
1752,2019-06-22 06:00:00,536.0,6.1,2
1753,2019-06-22 06:15:00,536.0,6.2,2
1754,2019-06-22 06:30:00,536.0,5.9,2
1755,2019-06-22 06:45:00,536.0,6.0,2
1756,2019-06-22 07:00:00,536.0,5.7,2
1757,2019-06-22 07:15:00,531.0,5.8,2
1758,2019-06-22 07:30:00,531.0,5.9,2
1759,2019-06-22 07:45:00,531.0,5.5,2
1760,2019-06-22 08:00:00,531.0,5.4,2
1761,2019-06-22 08:15:00,526.0,5.5,2
1762,2019-06-22 08:30:00,526.0,5.4,2
1763,2019-06-22 08:45:00,521.0,5.1,2
1764,2019-06-22 09:00:00,521.0,5.1,2
1765,2019-06-22 09:15:00,521.0,5.1,2
1766,2019-06-22 09:30:00,521.0,5.0,2
1767,2019-06-22 09:45:00,521.0,4.7,2
1768,2019-06-22 10:00:00,521.0,4.9,2
1769,2019-06-22 10:15:00,516.0,4.8,2
1770,2019-06-22 10:30:00,516.0,4.7,2
1771,2019-06-22 10:45:00,516.0,4.6,2
1772,2019-06-22 11:00:00,511.0,4.7,2
1773,2019-06-22 11:15:00,511.0,4.5,2
1774,2019-06-22 11:30:00,511.0,4.4,2
1775,2019-06-22 11:45:00,511.0,4.8,2
1776,2019-06-22 12:00:00,511.0,4.6,2
1777,2019-06-22 12:15:00,506.0,4.8,2
1778,2019-06-22 12:30:00,506.0,4.7,2
1779,2019-06-22 12:45:00,506.0,4.6,2
1780,2019-06-22 13:00:00,506.0,4.4,2
1781,2019-06-22 13:15:00,506.0,4.4,2
1782,2019-06-22 13:30:00,506.0,4.6,2
1783,2019-06-22 13:45:00,501.0,4.6,0
1784,2019-06-22 14:00:00,501.0,4.5,0
1785,2019-06-22 14:15:00,501.0,4.6,0
1786,2019-06-22 14:30:00,501.0,4.4,0
1787,2019-06-22 14:45:00,501.0,4.7,0
1788,2019-06-22 15:00:00,501.0,4.5,0
1789,2019-06-22 15:15:00,501.0,4.4,0
1790,2019-06-22 15:30:00,501.0,4.5,0
1791,2019-06-22 15:45:00,501.0,4.4,0
1792,2019-06-22 16:00:00,496.0,4.4,0
1793,2019-06-22 16:15:00,496.0,4.6,0
1794,2019-06-22 16:30:00,496.0,4.6,0
1795,2019-06-22 16:45:00,496.0,4.6,0
1796,2019-06-22 17:00:00,496.0,4.7,0
1797,2019-06-22 17:15:00,496.0,4.8,0
1798,2019-06-22 17:30:00,496.0,4.6,0
1799,2019-06-22 17:45:00,496.0,4.6,0
1800,2019-06-22 18:00:00,496.0,4.8,0
1801,2019-06-22 18:15:00,496.0,4.7,0
1802,2019-06-22 18:30:00,491.0,4.7,0
1803,2019-06-22 18:45:00,491.0,5.1,0
1804,2019-06-22 19:00:00,491.0,4.7,0
1805,2019-06-22 19:15:00,491.0,4.9,0
1806,2019-06-22 19:30:00,491.0,4.9,0
1807,2019-06-22 19:45:00,491.0,5.0,0
1808,2019-06-22 20:00:00,491.0,4.8,0
1809,2019-06-22 20:15:00,491.0,5.4,0
1810,2019-06-22 20:30:00,491.0,5.4,0
1811,2019-06-22 20:45:00,491.0,5.3,0
1812,2019-06-22 21:00:00,491.0,5.3,0
1813,2019-06-22 21:15:00,491.0,5.1,0
1814,2019-06-22 21:30:00,491.0,5.3,0
1815,2019-06-22 21:45:00,491.0,5.6,0
1816,2019-06-22 22:00:00,491.0,5.3,0
1817,2019-06-22 22:15:00,491.0,5.2,0
1818,2019-06-22 22:30:00,491.0,5.3,0
1819,2019-06-22 22:45:00,491.0,5.4,0
1820,2019-06-22 23:00:00,491.0,5.4,0
1821,2019-06-22 23:15:00,491.0,5.5,0
1822,2019-06-22 23:30:00,491.0,5.5,0
1823,2019-06-22 23:45:00,491.0,5.9,0
1824,2019-06-23 00:00:00,491.0,5.6,0
1825,2019-06-23 00:15:00,491.0,5.5,0
1826,2019-06-23 00:30:00,491.0,5.8,0
1827,2019-06-23 00:45:00,491.0,5.7,0
1828,2019-06-23 01:00:00,491.0,5.6,0
1829,2019-06-23 01:15:00,491.0,5.8,0
1830,2019-06-23 01:30:00,491.0,5.7,0
1831,2019-06-23 01:45:00,491.0,5.6,0
1832,2019-06-23 02:00:00,491.0,5.8,0
1833,2019-06-23 02:15:00,491.0,5.7,0
1834,2019-06-23 02:30:00,491.0,5.8,0
1835,2019-06-23 02:45:00,491.0,5.8,0
1836,2019-06-23 03:00:00,491.0,5.8,0
1837,2019-06-23 03:15:00,491.0,6.0,0
1838,2019-06-23 03:30:00,491.0,5.6,0
1839,2019-06-23 03:45:00,491.0,5.6,0
1840,2019-06-23 04:00:00,491.0,5.9,0
1841,2019-06-23 04:15:00,487.0,5.9,0
1842,2019-06-23 04:30:00,487.0,5.8,0
1843,2019-06-23 04:45:00,487.0,5.8,0
1844,2019-06-23 05:00:00,487.0,5.5,0
1845,2019-06-23 05:15:00,487.0,5.6,0
1846,2019-06-23 05:30:00,487.0,5.6,0
1847,2019-06-23 05:45:00,487.0,5.7,0
1848,2019-06-23 06:00:00,487.0,5.8,0
1849,2019-06-23 06:15:00,487.0,7.1,0
1850,2019-06-23 06:30:00,487.0,5.5,0
1851,2019-06-23 06:45:00,487.0,5.7,0
1852,2019-06-23 07:00:00,487.0,5.7,0
1853,2019-06-23 07:15:00,487.0,5.8,0
1854,2019-06-23 07:30:00,482.0,5.7,0
1855,2019-06-23 07:45:00,482.0,5.8,0
1856,2019-06-23 08:00:00,482.0,5.6,0
1857,2019-06-23 08:15:00,482.0,5.8,0
1858,2019-06-23 08:30:00,482.0,5.4,0
1859,2019-06-23 08:45:00,477.0,5.6,0
1860,2019-06-23 09:00:00,477.0,5.4,0
1861,2019-06-23 09:15:00,477.0,5.4,0
1862,2019-06-23 09:30:00,477.0,5.3,0
1863,2019-06-23 09:45:00,472.0,4.9,0
1864,2019-06-23 10:00:00,472.0,5.3,0
1865,2019-06-23 10:15:00,472.0,4.9,0
1866,2019-06-23 10:30:00,472.0,5.0,0
1867,2019-06-23 10:45:00,472.0,4.8,0
1868,2019-06-23 11:00:00,468.0,4.7,0
1869,2019-06-23 11:15:00,468.0,4.6,0
1870,2019-06-23 11:30:00,468.0,4.4,0
1871,2019-06-23 11:45:00,468.0,4.4,0
1872,2019-06-23 12:00:00,468.0,4.6,0
1873,2019-06-23 12:15:00,468.0,4.4,0
1874,2019-06-23 12:30:00,463.0,4.4,0
1875,2019-06-23 12:45:00,463.0,4.4,0
1876,2019-06-23 13:00:00,463.0,4.5,0
1877,2019-06-23 13:15:00,463.0,4.7,0
1878,2019-06-23 13:30:00,463.0,4.5,0
1879,2019-06-23 13:45:00,463.0,4.4,0
1880,2019-06-23 14:00:00,463.0,4.3,0
1881,2019-06-23 14:15:00,458.0,4.3,0
1882,2019-06-23 14:30:00,458.0,4.4,0
1883,2019-06-23 14:45:00,463.0,4.5,0
1884,2019-06-23 15:00:00,458.0,4.5,0
1885,2019-06-23 15:15:00,458.0,4.3,0
1886,2019-06-23 15:30:00,458.0,4.3,0
1887,2019-06-23 15:45:00,458.0,4.3,0
1888,2019-06-23 16:00:00,458.0,4.4,0
1889,2019-06-23 16:15:00,458.0,4.3,0
1890,2019-06-23 16:30:00,458.0,4.6,0
1891,2019-06-23 16:45:00,458.0,4.4,0
1892,2019-06-23 17:00:00,458.0,4.2,0
1893,2019-06-23 17:15:00,458.0,4.4,0
1894,2019-06-23 17:30:00,454.0,4.3,0
1895,2019-06-23 17:45:00,454.0,4.2,0
1896,2019-06-23 18:00:00,454.0,4.2,0
1897,2019-06-23 18:15:00,454.0,4.4,0
1898,2019-06-23 18:30:00,454.0,4.5,0
1899,2019-06-23 18:45:00,454.0,4.4,0
1900,2019-06-23 19:00:00,454.0,4.5,0
1901,2019-06-23 19:15:00,454.0,4.6,0
1902,2019-06-23 19:30:00,454.0,4.8,0
1903,2019-06-23 19:45:00,454.0,5.0,0
1904,2019-06-23 20:00:00,454.0,4.7,0
1905,2019-06-23 20:15:00,454.0,4.9,0
1906,2019-06-23 20:30:00,454.0,5.1,0
1907,2019-06-23 20:45:00,454.0,5.0,0
1908,2019-06-23 21:00:00,454.0,5.2,0
1909,2019-06-23 21:15:00,454.0,5.2,0
1910,2019-06-23 21:30:00,454.0,5.3,0
1911,2019-06-23 21:45:00,454.0,5.3,0
1912,2019-06-23 22:00:00,454.0,5.2,0
1913,2019-06-23 22:15:00,454.0,5.2,0
1914,2019-06-23 22:30:00,454.0,5.2,0
1915,2019-06-23 22:45:00,454.0,5.1,0
1916,2019-06-23 23:00:00,454.0,5.3,0
1917,2019-06-23 23:15:00,454.0,5.5,0
1918,2019-06-23 23:30:00,454.0,5.4,0
1919,2019-06-23 23:45:00,454.0,5.3,0
1920,2019-06-24 00:00:00,454.0,5.3,0
1921,2019-06-24 00:15:00,454.0,5.4,0
1922,2019-06-24 00:30:00,454.0,5.5,0
1923,2019-06-24 00:45:00,454.0,5.3,0
1924,2019-06-24 01:00:00,454.0,5.2,0
1925,2019-06-24 01:15:00,449.0,5.2,0
1926,2019-06-24 01:30:00,449.0,5.4,0
1927,2019-06-24 01:45:00,449.0,5.2,0
1928,2019-06-24 02:00:00,449.0,5.4,0
1929,2019-06-24 02:15:00,449.0,5.5,0
1930,2019-06-24 02:30:00,449.0,5.2,0
1931,2019-06-24 02:45:00,449.0,5.3,0
1932,2019-06-24 03:00:00,449.0,5.4,0
1933,2019-06-24 03:15:00,449.0,5.2,0
1934,2019-06-24 03:30:00,449.0,5.6,0
1935,2019-06-24 03:45:00,449.0,5.4,0
1936,2019-06-24 04:00:00,449.0,5.3,0
1937,2019-06-24 04:15:00,449.0,5.4,0
1938,2019-06-24 04:30:00,449.0,5.3,0
1939,2019-06-24 04:45:00,449.0,5.2,0
1940,2019-06-24 05:00:00,449.0,5.2,0
1941,2019-06-24 05:15:00,449.0,5.4,0
1942,2019-06-24 05:30:00,449.0,5.3,0
1943,2019-06-24 05:45:00,449.0,5.2,0
1944,2019-06-24 06:00:00,449.0,5.1,0
1945,2019-06-24 06:15:00,449.0,5.0,0
1946,2019-06-24 06:30:00,449.0,5.1,0
1947,2019-06-24 06:45:00,449.0,5.0,0
1948,2019-06-24 07:00:00,449.0,5.0,0
1949,2019-06-24 07:15:00,449.0,4.9,0
1950,2019-06-24 07:30:00,449.0,5.0,0
1951,2019-06-24 07:45:00,445.0,4.5,0
1952,2019-06-24 08:00:00,445.0,4.7,0
1953,2019-06-24 08:15:00,445.0,4.6,0
1954,2019-06-24 08:30:00,445.0,4.6,0
1955,2019-06-24 08:45:00,445.0,4.5,0
1956,2019-06-24 09:00:00,440.0,4.2,0
1957,2019-06-24 09:15:00,440.0,4.2,0
1958,2019-06-24 09:30:00,440.0,4.2,0
1959,2019-06-24 09:45:00,440.0,4.2,0
1960,2019-06-24 10:00:00,440.0,4.1,0
1961,2019-06-24 10:15:00,440.0,4.0,0
1962,2019-06-24 10:30:00,440.0,4.0,0
1963,2019-06-24 10:45:00,436.0,4.0,0
1964,2019-06-24 11:00:00,436.0,3.9,0
1965,2019-06-24 11:15:00,436.0,3.8,0
1966,2019-06-24 11:30:00,436.0,3.9,0
1967,2019-06-24 11:45:00,431.0,3.8,0
1968,2019-06-24 12:00:00,431.0,3.9,0
1969,2019-06-24 12:15:00,431.0,4.1,0
1970,2019-06-24 12:30:00,431.0,3.9,0
1971,2019-06-24 12:45:00,431.0,4.0,0
1972,2019-06-24 13:00:00,431.0,3.9,0
1973,2019-06-24 13:15:00,431.0,4.0,0
1974,2019-06-24 13:30:00,427.0,3.8,0
1975,2019-06-24 13:45:00,427.0,4.0,0
1976,2019-06-24 14:00:00,427.0,3.9,0
1977,2019-06-24 14:15:00,422.0,3.9,0
1978,2019-06-24 14:30:00,422.0,4.0,0
1979,2019-06-24 14:45:00,427.0,4.2,0
1980,2019-06-24 15:00:00,422.0,4.0,0
1981,2019-06-24 15:15:00,422.0,4.2,0
1982,2019-06-24 15:30:00,422.0,4.0,0
1983,2019-06-24 15:45:00,422.0,4.0,0
1984,2019-06-24 16:00:00,422.0,4.1,0
1985,2019-06-24 16:15:00,422.0,4.2,0
1986,2019-06-24 16:30:00,422.0,4.1,0
1987,2019-06-24 16:45:00,422.0,4.2,0
1988,2019-06-24 17:00:00,422.0,4.1,0
1989,2019-06-24 17:15:00,422.0,4.1,0
1990,2019-06-24 17:30:00,422.0,4.4,0
1991,2019-06-24 17:45:00,422.0,4.2,0
1992,2019-06-24 18:00:00,422.0,4.2,0
1993,2019-06-24 18:15:00,422.0,4.1,0
1994,2019-06-24 18:30:00,422.0,4.3,0
1995,2019-06-24 18:45:00,422.0,4.2,0
1996,2019-06-24 19:00:00,422.0,4.2,0
1997,2019-06-24 19:15:00,422.0,4.3,0
1998,2019-06-24 19:30:00,422.0,4.6,0
1999,2019-06-24 19:45:00,422.0,4.1,0
2000,2019-06-24 20:00:00,422.0,4.3,0
2001,2019-06-24 20:15:00,422.0,4.5,0
2002,2019-06-24 20:30:00,422.0,4.4,0
2003,2019-06-24 20:45:00,422.0,4.8,0
2004,2019-06-24 21:00:00,418.0,4.8,0
2005,2019-06-24 21:15:00,422.0,4.7,0
2006,2019-06-24 21:30:00,418.0,4.8,0
2007,2019-06-24 21:45:00,418.0,4.9,0
2008,2019-06-24 22:00:00,418.0,4.8,0
2009,2019-06-24 22:15:00,418.0,4.8,0
2010,2019-06-24 22:30:00,418.0,4.7,0
2011,2019-06-24 22:45:00,418.0,4.8,0
2012,2019-06-24 23:00:00,418.0,4.8,0
2013,2019-06-24 23:15:00,418.0,5.1,0
2014,2019-06-24 23:30:00,418.0,4.8,3
2015,2019-06-24 23:45:00,427.0,4.9,3
2016,2019-06-25 00:00:00,562.0,5.1,3
2017,2019-06-25 00:15:00,516.0,4.8,3
2018,2019-06-25 00:30:00,521.0,4.8,3
2019,2019-06-25 00:45:00,516.0,5.1,3
2020,2019-06-25 01:00:00,531.0,4.8,3
2021,2019-06-25 01:15:00,552.0,5.0,3
2022,2019-06-25 01:30:00,589.0,4.9,3
2023,2019-06-25 01:45:00,611.0,5.0,3
2024,2019-06-25 02:00:00,645.0,4.9,3
2025,2019-06-25 02:15:00,657.0,4.9,3
2026,2019-06-25 02:30:00,651.0,5.0,3
2027,2019-06-25 02:45:00,651.0,5.2,3
2028,2019-06-25 03:00:00,657.0,5.3,3
2029,2019-06-25 03:15:00,669.0,5.0,3
2030,2019-06-25 03:30:00,699.0,4.9,3
2031,2019-06-25 03:45:00,736.0,5.0,3
2032,2019-06-25 04:00:00,743.0,5.1,3
2033,2019-06-25 04:15:00,743.0,5.0,3
2034,2019-06-25 04:30:00,736.0,4.9,3
2035,2019-06-25 04:45:00,730.0,4.7,3
2036,2019-06-25 05:00:00,724.0,4.8,3
2037,2019-06-25 05:15:00,724.0,4.8,3
2038,2019-06-25 05:30:00,724.0,4.7,3
2039,2019-06-25 05:45:00,724.0,4.9,3
2040,2019-06-25 06:00:00,717.0,27.6,3
2041,2019-06-25 06:15:00,711.0,1100.0,3
2042,2019-06-25 06:30:00,705.0,392.0,3
2043,2019-06-25 06:45:00,699.0,145.0,3
2044,2019-06-25 07:00:00,693.0,79.3,3
2045,2019-06-25 07:15:00,687.0,59.6,3
2046,2019-06-25 07:30:00,687.0,72.3,3
2047,2019-06-25 07:45:00,681.0,60.9,3
2048,2019-06-25 08:00:00,681.0,43.4,3
2049,2019-06-25 08:15:00,681.0,44.5,3
2050,2019-06-25 08:30:00,681.0,59.8,3
2051,2019-06-25 08:45:00,675.0,83.5,3
2052,2019-06-25 09:00:00,675.0,82.8,3
2053,2019-06-25 09:15:00,669.0,73.4,3
2054,2019-06-25 09:30:00,669.0,62.5,3
2055,2019-06-25 09:45:00,669.0,50.0,3
2056,2019-06-25 10:00:00,669.0,43.7,3
2057,2019-06-25 10:15:00,663.0,40.5,3
2058,2019-06-25 10:30:00,657.0,38.5,3
2059,2019-06-25 10:45:00,657.0,43.3,3
2060,2019-06-25 11:00:00,651.0,45.2,3
2061,2019-06-25 11:15:00,645.0,39.1,3
2062,2019-06-25 11:30:00,645.0,32.7,3
2063,2019-06-25 11:45:00,640.0,29.6,3
2064,2019-06-25 12:00:00,634.0,28.6,3
2065,2019-06-25 12:15:00,634.0,28.8,3
2066,2019-06-25 12:30:00,628.0,28.7,3
2067,2019-06-25 12:45:00,628.0,29.0,3
2068,2019-06-25 13:00:00,622.0,27.5,3
2069,2019-06-25 13:15:00,617.0,25.3,3
2070,2019-06-25 13:30:00,611.0,23.1,3
2071,2019-06-25 13:45:00,606.0,20.2,3
2072,2019-06-25 14:00:00,600.0,18.8,3
2073,2019-06-25 14:15:00,595.0,16.9,3
2074,2019-06-25 14:30:00,595.0,15.8,3
2075,2019-06-25 14:45:00,600.0,14.8,3
2076,2019-06-25 15:00:00,584.0,13.8,3
2077,2019-06-25 15:15:00,584.0,12.8,3
2078,2019-06-25 15:30:00,578.0,12.4,3
2079,2019-06-25 15:45:00,573.0,12.1,3
2080,2019-06-25 16:00:00,573.0,11.6,3
2081,2019-06-25 16:15:00,568.0,11.3,3
2082,2019-06-25 16:30:00,562.0,11.1,3
2083,2019-06-25 16:45:00,562.0,10.6,3
2084,2019-06-25 17:00:00,562.0,10.2,3
2085,2019-06-25 17:15:00,557.0,9.6,3
2086,2019-06-25 17:30:00,557.0,9.8,3
2087,2019-06-25 17:45:00,552.0,9.5,3
2088,2019-06-25 18:00:00,552.0,9.6,3
2089,2019-06-25 18:15:00,552.0,9.0,3
2090,2019-06-25 18:30:00,547.0,8.9,3
2091,2019-06-25 18:45:00,547.0,8.7,3
2092,2019-06-25 19:00:00,541.0,8.5,3
2093,2019-06-25 19:15:00,541.0,8.5,3
2094,2019-06-25 19:30:00,541.0,8.4,3
2095,2019-06-25 19:45:00,536.0,8.1,3
2096,2019-06-25 20:00:00,536.0,8.2,3
2097,2019-06-25 20:15:00,531.0,8.4,3
2098,2019-06-25 20:30:00,531.0,8.6,3
2099,2019-06-25 20:45:00,531.0,8.6,3
2100,2019-06-25 21:00:00,531.0,8.9,3
2101,2019-06-25 21:15:00,526.0,8.4,3
2102,2019-06-25 21:30:00,526.0,8.3,3
2103,2019-06-25 21:45:00,521.0,8.4,3
2104,2019-06-25 22:00:00,521.0,8.5,3
2105,2019-06-25 22:15:00,521.0,8.2,3
2106,2019-06-25 22:30:00,521.0,8.2,3
2107,2019-06-25 22:45:00,521.0,8.3,3
2108,2019-06-25 23:00:00,516.0,8.1,3
2109,2019-06-25 23:15:00,516.0,7.9,3
2110,2019-06-25 23:30:00,516.0,8.0,3
2111,2019-06-25 23:45:00,516.0,8.0,3
2112,2019-06-26 00:00:00,516.0,7.8,3
2113,2019-06-26 00:15:00,511.0,7.8,0
2114,2019-06-26 00:30:00,511.0,7.9,0
2115,2019-06-26 00:45:00,511.0,7.8,0
2116,2019-06-26 01:00:00,511.0,7.9,0
2117,2019-06-26 01:15:00,511.0,7.7,0
2118,2019-06-26 01:30:00,511.0,7.5,0
2119,2019-06-26 01:45:00,511.0,7.8,0
2120,2019-06-26 02:00:00,511.0,7.2,0
2121,2019-06-26 02:15:00,506.0,7.3,0
2122,2019-06-26 02:30:00,506.0,7.5,0
2123,2019-06-26 02:45:00,506.0,7.7,0
2124,2019-06-26 03:00:00,506.0,7.5,0
2125,2019-06-26 03:15:00,506.0,7.4,0
2126,2019-06-26 03:30:00,506.0,7.6,0
2127,2019-06-26 03:45:00,506.0,7.3,0
2128,2019-06-26 04:00:00,506.0,7.2,0
2129,2019-06-26 04:15:00,501.0,7.1,0
2130,2019-06-26 04:30:00,501.0,6.9,0
2131,2019-06-26 04:45:00,501.0,6.9,0
2132,2019-06-26 05:00:00,501.0,6.8,0
2133,2019-06-26 05:15:00,501.0,6.7,0
2134,2019-06-26 05:30:00,501.0,6.7,0
2135,2019-06-26 05:45:00,501.0,6.8,0
2136,2019-06-26 06:00:00,496.0,6.5,0
2137,2019-06-26 06:15:00,496.0,6.2,0
2138,2019-06-26 06:30:00,496.0,6.2,0
2139,2019-06-26 06:45:00,496.0,6.2,0
2140,2019-06-26 07:00:00,496.0,6.1,0
2141,2019-06-26 07:15:00,491.0,5.9,0
2142,2019-06-26 07:30:00,491.0,6.0,0
2143,2019-06-26 07:45:00,491.0,5.6,0
2144,2019-06-26 08:00:00,491.0,5.3,0
2145,2019-06-26 08:15:00,487.0,5.7,0
2146,2019-06-26 08:30:00,487.0,5.5,0
2147,2019-06-26 08:45:00,487.0,5.2,0
2148,2019-06-26 09:00:00,487.0,5.2,0
2149,2019-06-26 09:15:00,482.0,5.2,0
2150,2019-06-26 09:30:00,482.0,5.3,0
2151,2019-06-26 09:45:00,482.0,4.9,0
2152,2019-06-26 10:00:00,477.0,4.8,0
2153,2019-06-26 10:15:00,477.0,4.9,0
2154,2019-06-26 10:30:00,477.0,4.6,0
2155,2019-06-26 10:45:00,477.0,4.8,0
2156,2019-06-26 11:00:00,472.0,4.7,0
2157,2019-06-26 11:15:00,472.0,4.9,0
2158,2019-06-26 11:30:00,472.0,4.7,0
2159,2019-06-26 11:45:00,482.0,4.8,0
2160,2019-06-26 12:00:00,487.0,4.5,0
2161,2019-06-26 12:15:00,482.0,4.6,0
2162,2019-06-26 12:30:00,477.0,4.6,0
2163,2019-06-26 12:45:00,472.0,4.9,0
2164,2019-06-26 13:00:00,472.0,4.6,0
2165,2019-06-26 13:15:00,472.0,4.7,0
2166,2019-06-26 13:30:00,472.0,4.6,0
2167,2019-06-26 13:45:00,472.0,4.6,0
2168,2019-06-26 14:00:00,472.0,4.5,0
2169,2019-06-26 14:15:00,477.0,4.5,0
2170,2019-06-26 14:30:00,472.0,4.6,0
2171,2019-06-26 14:45:00,472.0,4.6,0
2172,2019-06-26 15:00:00,487.0,4.6,0
2173,2019-06-26 15:15:00,491.0,4.9,0
2174,2019-06-26 15:30:00,491.0,4.4,0
2175,2019-06-26 15:45:00,496.0,4.6,0
2176,2019-06-26 16:00:00,501.0,4.5,0
2177,2019-06-26 16:15:00,501.0,4.8,0
2178,2019-06-26 16:30:00,506.0,4.6,0
2179,2019-06-26 16:45:00,511.0,4.8,0
2180,2019-06-26 17:00:00,526.0,4.7,0
2181,2019-06-26 17:15:00,536.0,4.9,0
2182,2019-06-26 17:30:00,541.0,5.0,0
2183,2019-06-26 17:45:00,536.0,5.2,0
